id,keyword,normalized_keyword,variant_type,candidate_type,source_type,status,entity_name,entity_source_type,entity_review_status,score,confidence,trademark_risk,verification_status,ad_copy_allowed,landing_page_allowed,created_at
441,bills happen,bills happen,brand,brand,radio_transcript,new,Billshappen.com,radio_transcript,needs_review,92.0,0.92,unknown,needs_review,0,1,2026-06-16 12:38:58
442,bills happen loans,bills happen loans,product,product,radio_transcript,new,Billshappen.com,radio_transcript,needs_review,92.0,0.92,unknown,needs_review,0,1,2026-06-16 12:38:58
439,billshappen,billshappen,brand,brand,radio_transcript,new,Billshappen.com,radio_transcript,needs_review,92.0,0.92,unknown,needs_review,0,1,2026-06-16 12:38:58
448,billshappen alternative,billshappen alternative,alternative,alternative,radio_transcript,new,Billshappen.com,radio_transcript,needs_review,92.0,0.92,unknown,needs_review,0,1,2026-06-16 12:38:58
447,billshappen complaints,billshappen complaints,complaints,complaints,radio_transcript,new,Billshappen.com,radio_transcript,needs_review,92.0,0.92,unknown,needs_review,0,1,2026-06-16 12:38:58
446,billshappen legit,billshappen legit,intent,intent,radio_transcript,new,Billshappen.com,radio_transcript,needs_review,92.0,0.92,unknown,needs_review,0,1,2026-06-16 12:38:58
443,billshappen loans,billshappen loans,product,product,radio_transcript,new,Billshappen.com,radio_transcript,needs_review,92.0,0.92,unknown,needs_review,0,1,2026-06-16 12:38:58
444,billshappen personal loan,billshappen personal loan,product,product,radio_transcript,new,Billshappen.com,radio_transcript,needs_review,92.0,0.92,unknown,needs_review,0,1,2026-06-16 12:38:58
449,billshappen phone number,billshappen phone number,contact,contact,radio_transcript,new,Billshappen.com,radio_transcript,needs_review,92.0,0.92,unknown,needs_review,0,1,2026-06-16 12:38:58
445,billshappen reviews,billshappen reviews,reviews,reviews,radio_transcript,new,Billshappen.com,radio_transcript,needs_review,92.0,0.92,unknown,needs_review,0,1,2026-06-16 12:38:58
440,billshappen.com,billshappen.com,brand,brand,radio_transcript,new,Billshappen.com,radio_transcript,needs_review,92.0,0.92,unknown,needs_review,0,1,2026-06-16 12:38:58
133,jpmorgan chase &,jpmorgan chase &,brand,brand,cfpb_complaint,approved_seed,JPMORGAN CHASE & CO.,cfpb_complaint,approved_seed,100.0,1.0,unknown,needs_review,0,1,2026-06-11T00:20:04Z
138,jpmorgan chase & alternative,jpmorgan chase & alternative,alternative,alternative,cfpb_complaint,approved_seed,JPMORGAN CHASE & CO.,cfpb_complaint,approved_seed,100.0,1.0,unknown,needs_review,0,1,2026-06-11T00:20:04Z
136,jpmorgan chase & bbb,jpmorgan chase & bbb,bbb,bbb,cfpb_complaint,approved_seed,JPMORGAN CHASE & CO.,cfpb_complaint,approved_seed,100.0,1.0,unknown,needs_review,0,1,2026-06-11T00:20:04Z
135,jpmorgan chase & complaints,jpmorgan chase & complaints,complaints,complaints,cfpb_complaint,approved_seed,JPMORGAN CHASE & CO.,cfpb_complaint,approved_seed,100.0,1.0,unknown,needs_review,0,1,2026-06-11T00:20:04Z
137,jpmorgan chase & phone number,jpmorgan chase & phone number,phone_number,phone_number,cfpb_complaint,approved_seed,JPMORGAN CHASE & CO.,cfpb_complaint,approved_seed,100.0,1.0,unknown,needs_review,0,1,2026-06-11T00:20:04Z
134,jpmorgan chase & reviews,jpmorgan chase & reviews,reviews,reviews,cfpb_complaint,approved_seed,JPMORGAN CHASE & CO.,cfpb_complaint,approved_seed,100.0,1.0,unknown,needs_review,0,1,2026-06-11T00:20:04Z
43,santander holdings usa,santander holdings usa,brand,brand,cfpb_complaint,approved_seed,"SANTANDER HOLDINGS USA, INC.",cfpb_complaint,approved_seed,100.0,1.0,unknown,needs_review,0,1,2026-06-11T00:20:04Z
48,santander holdings usa alternative,santander holdings usa alternative,alternative,alternative,cfpb_complaint,approved_seed,"SANTANDER HOLDINGS USA, INC.",cfpb_complaint,approved_seed,100.0,1.0,unknown,needs_review,0,1,2026-06-11T00:20:04Z
46,santander holdings usa bbb,santander holdings usa bbb,bbb,bbb,cfpb_complaint,approved_seed,"SANTANDER HOLDINGS USA, INC.",cfpb_complaint,approved_seed,100.0,1.0,unknown,needs_review,0,1,2026-06-11T00:20:04Z
45,santander holdings usa complaints,santander holdings usa complaints,complaints,complaints,cfpb_complaint,approved_seed,"SANTANDER HOLDINGS USA, INC.",cfpb_complaint,approved_seed,100.0,1.0,unknown,needs_review,0,1,2026-06-11T00:20:04Z
47,santander holdings usa phone number,santander holdings usa phone number,phone_number,phone_number,cfpb_complaint,approved_seed,"SANTANDER HOLDINGS USA, INC.",cfpb_complaint,approved_seed,100.0,1.0,unknown,needs_review,0,1,2026-06-11T00:20:04Z
44,santander holdings usa reviews,santander holdings usa reviews,reviews,reviews,cfpb_complaint,approved_seed,"SANTANDER HOLDINGS USA, INC.",cfpb_complaint,approved_seed,100.0,1.0,unknown,needs_review,0,1,2026-06-11T00:20:04Z
31,wells fargo &,wells fargo &,brand,brand,cfpb_complaint,approved_seed,WELLS FARGO & COMPANY,cfpb_complaint,approved_seed,100.0,1.0,unknown,needs_review,0,1,2026-06-11T00:20:04Z
36,wells fargo & alternative,wells fargo & alternative,alternative,alternative,cfpb_complaint,approved_seed,WELLS FARGO & COMPANY,cfpb_complaint,approved_seed,100.0,1.0,unknown,needs_review,0,1,2026-06-11T00:20:04Z
34,wells fargo & bbb,wells fargo & bbb,bbb,bbb,cfpb_complaint,approved_seed,WELLS FARGO & COMPANY,cfpb_complaint,approved_seed,100.0,1.0,unknown,needs_review,0,1,2026-06-11T00:20:04Z
33,wells fargo & complaints,wells fargo & complaints,complaints,complaints,cfpb_complaint,approved_seed,WELLS FARGO & COMPANY,cfpb_complaint,approved_seed,100.0,1.0,unknown,needs_review,0,1,2026-06-11T00:20:04Z
35,wells fargo & phone number,wells fargo & phone number,phone_number,phone_number,cfpb_complaint,approved_seed,WELLS FARGO & COMPANY,cfpb_complaint,approved_seed,100.0,1.0,unknown,needs_review,0,1,2026-06-11T00:20:04Z
32,wells fargo & reviews,wells fargo & reviews,reviews,reviews,cfpb_complaint,approved_seed,WELLS FARGO & COMPANY,cfpb_complaint,approved_seed,100.0,1.0,unknown,needs_review,0,1,2026-06-11T00:20:04Z
367,block,block,brand,brand,cfpb_complaint,approved_seed,"Block, Inc.",cfpb_complaint,approved_seed,99.0,0.99,unknown,needs_review,0,1,2026-06-11T00:20:04Z
372,block alternative,block alternative,alternative,alternative,cfpb_complaint,approved_seed,"Block, Inc.",cfpb_complaint,approved_seed,99.0,0.99,unknown,needs_review,0,1,2026-06-11T00:20:04Z
370,block bbb,block bbb,bbb,bbb,cfpb_complaint,approved_seed,"Block, Inc.",cfpb_complaint,approved_seed,99.0,0.99,unknown,needs_review,0,1,2026-06-11T00:20:04Z
369,block complaints,block complaints,complaints,complaints,cfpb_complaint,approved_seed,"Block, Inc.",cfpb_complaint,approved_seed,99.0,0.99,unknown,needs_review,0,1,2026-06-11T00:20:04Z
371,block phone number,block phone number,phone_number,phone_number,cfpb_complaint,approved_seed,"Block, Inc.",cfpb_complaint,approved_seed,99.0,0.99,unknown,needs_review,0,1,2026-06-11T00:20:04Z
368,block reviews,block reviews,reviews,reviews,cfpb_complaint,approved_seed,"Block, Inc.",cfpb_complaint,approved_seed,99.0,0.99,unknown,needs_review,0,1,2026-06-11T00:20:04Z
385,coinbase,coinbase,brand,brand,cfpb_complaint,approved_seed,"Coinbase, Inc.",cfpb_complaint,approved_seed,99.0,0.99,unknown,needs_review,0,1,2026-06-11T00:20:04Z
390,coinbase alternative,coinbase alternative,alternative,alternative,cfpb_complaint,approved_seed,"Coinbase, Inc.",cfpb_complaint,approved_seed,99.0,0.99,unknown,needs_review,0,1,2026-06-11T00:20:04Z
388,coinbase bbb,coinbase bbb,bbb,bbb,cfpb_complaint,approved_seed,"Coinbase, Inc.",cfpb_complaint,approved_seed,99.0,0.99,unknown,needs_review,0,1,2026-06-11T00:20:04Z
387,coinbase complaints,coinbase complaints,complaints,complaints,cfpb_complaint,approved_seed,"Coinbase, Inc.",cfpb_complaint,approved_seed,99.0,0.99,unknown,needs_review,0,1,2026-06-11T00:20:04Z
389,coinbase phone number,coinbase phone number,phone_number,phone_number,cfpb_complaint,approved_seed,"Coinbase, Inc.",cfpb_complaint,approved_seed,99.0,0.99,unknown,needs_review,0,1,2026-06-11T00:20:04Z
386,coinbase reviews,coinbase reviews,reviews,reviews,cfpb_complaint,approved_seed,"Coinbase, Inc.",cfpb_complaint,approved_seed,99.0,0.99,unknown,needs_review,0,1,2026-06-11T00:20:04Z
361,paypal,paypal,brand,brand,cfpb_complaint,approved_seed,"Paypal Holdings, Inc",cfpb_complaint,approved_seed,99.0,0.99,unknown,needs_review,0,1,2026-06-11T00:20:04Z
366,paypal alternative,paypal alternative,alternative,alternative,cfpb_complaint,approved_seed,"Paypal Holdings, Inc",cfpb_complaint,approved_seed,99.0,0.99,unknown,needs_review,0,1,2026-06-11T00:20:04Z
364,paypal bbb,paypal bbb,bbb,bbb,cfpb_complaint,approved_seed,"Paypal Holdings, Inc",cfpb_complaint,approved_seed,99.0,0.99,unknown,needs_review,0,1,2026-06-11T00:20:04Z
363,paypal complaints,paypal complaints,complaints,complaints,cfpb_complaint,approved_seed,"Paypal Holdings, Inc",cfpb_complaint,approved_seed,99.0,0.99,unknown,needs_review,0,1,2026-06-11T00:20:04Z
365,paypal phone number,paypal phone number,phone_number,phone_number,cfpb_complaint,approved_seed,"Paypal Holdings, Inc",cfpb_complaint,approved_seed,99.0,0.99,unknown,needs_review,0,1,2026-06-11T00:20:04Z
362,paypal reviews,paypal reviews,reviews,reviews,cfpb_complaint,approved_seed,"Paypal Holdings, Inc",cfpb_complaint,approved_seed,99.0,0.99,unknown,needs_review,0,1,2026-06-11T00:20:04Z
169,robinhood markets,robinhood markets,brand,brand,cfpb_complaint,approved_seed,ROBINHOOD MARKETS INC.,cfpb_complaint,approved_seed,99.0,0.99,unknown,needs_review,0,1,2026-06-11T00:20:04Z
174,robinhood markets alternative,robinhood markets alternative,alternative,alternative,cfpb_complaint,approved_seed,ROBINHOOD MARKETS INC.,cfpb_complaint,approved_seed,99.0,0.99,unknown,needs_review,0,1,2026-06-11T00:20:04Z
172,robinhood markets bbb,robinhood markets bbb,bbb,bbb,cfpb_complaint,approved_seed,ROBINHOOD MARKETS INC.,cfpb_complaint,approved_seed,99.0,0.99,unknown,needs_review,0,1,2026-06-11T00:20:04Z
171,robinhood markets complaints,robinhood markets complaints,complaints,complaints,cfpb_complaint,approved_seed,ROBINHOOD MARKETS INC.,cfpb_complaint,approved_seed,99.0,0.99,unknown,needs_review,0,1,2026-06-11T00:20:04Z
173,robinhood markets phone number,robinhood markets phone number,phone_number,phone_number,cfpb_complaint,approved_seed,ROBINHOOD MARKETS INC.,cfpb_complaint,approved_seed,99.0,0.99,unknown,needs_review,0,1,2026-06-11T00:20:04Z
170,robinhood markets reviews,robinhood markets reviews,reviews,reviews,cfpb_complaint,approved_seed,ROBINHOOD MARKETS INC.,cfpb_complaint,approved_seed,99.0,0.99,unknown,needs_review,0,1,2026-06-11T00:20:04Z
295,credit acceptance,credit acceptance,brand,brand,cfpb_complaint,approved_seed,CREDIT ACCEPTANCE CORPORATION,cfpb_complaint,approved_seed,97.0,0.97,unknown,needs_review,0,1,2026-06-11T00:20:04Z
300,credit acceptance alternative,credit acceptance alternative,alternative,alternative,cfpb_complaint,approved_seed,CREDIT ACCEPTANCE CORPORATION,cfpb_complaint,approved_seed,97.0,0.97,unknown,needs_review,0,1,2026-06-11T00:20:04Z
298,credit acceptance bbb,credit acceptance bbb,bbb,bbb,cfpb_complaint,approved_seed,CREDIT ACCEPTANCE CORPORATION,cfpb_complaint,approved_seed,97.0,0.97,unknown,needs_review,0,1,2026-06-11T00:20:04Z
297,credit acceptance complaints,credit acceptance complaints,complaints,complaints,cfpb_complaint,approved_seed,CREDIT ACCEPTANCE CORPORATION,cfpb_complaint,approved_seed,97.0,0.97,unknown,needs_review,0,1,2026-06-11T00:20:04Z
299,credit acceptance phone number,credit acceptance phone number,phone_number,phone_number,cfpb_complaint,approved_seed,CREDIT ACCEPTANCE CORPORATION,cfpb_complaint,approved_seed,97.0,0.97,unknown,needs_review,0,1,2026-06-11T00:20:04Z
296,credit acceptance reviews,credit acceptance reviews,reviews,reviews,cfpb_complaint,approved_seed,CREDIT ACCEPTANCE CORPORATION,cfpb_complaint,approved_seed,97.0,0.97,unknown,needs_review,0,1,2026-06-11T00:20:04Z
313,bridgecrest acceptance,bridgecrest acceptance,brand,brand,cfpb_complaint,approved_seed,Bridgecrest Acceptance Corporation,cfpb_complaint,approved_seed,95.0,0.95,unknown,needs_review,0,1,2026-06-11T00:20:04Z
318,bridgecrest acceptance alternative,bridgecrest acceptance alternative,alternative,alternative,cfpb_complaint,approved_seed,Bridgecrest Acceptance Corporation,cfpb_complaint,approved_seed,95.0,0.95,unknown,needs_review,0,1,2026-06-11T00:20:04Z
316,bridgecrest acceptance bbb,bridgecrest acceptance bbb,bbb,bbb,cfpb_complaint,approved_seed,Bridgecrest Acceptance Corporation,cfpb_complaint,approved_seed,95.0,0.95,unknown,needs_review,0,1,2026-06-11T00:20:04Z
315,bridgecrest acceptance complaints,bridgecrest acceptance complaints,complaints,complaints,cfpb_complaint,approved_seed,Bridgecrest Acceptance Corporation,cfpb_complaint,approved_seed,95.0,0.95,unknown,needs_review,0,1,2026-06-11T00:20:04Z
317,bridgecrest acceptance phone number,bridgecrest acceptance phone number,phone_number,phone_number,cfpb_complaint,approved_seed,Bridgecrest Acceptance Corporation,cfpb_complaint,approved_seed,95.0,0.95,unknown,needs_review,0,1,2026-06-11T00:20:04Z
314,bridgecrest acceptance reviews,bridgecrest acceptance reviews,reviews,reviews,cfpb_complaint,approved_seed,Bridgecrest Acceptance Corporation,cfpb_complaint,approved_seed,95.0,0.95,unknown,needs_review,0,1,2026-06-11T00:20:04Z
349,fc holdco,fc holdco,brand,brand,cfpb_complaint,approved_seed,FC HoldCo LLC,cfpb_complaint,approved_seed,95.0,0.95,unknown,needs_review,0,1,2026-06-11T00:20:04Z
354,fc holdco alternative,fc holdco alternative,alternative,alternative,cfpb_complaint,approved_seed,FC HoldCo LLC,cfpb_complaint,approved_seed,95.0,0.95,unknown,needs_review,0,1,2026-06-11T00:20:04Z
352,fc holdco bbb,fc holdco bbb,bbb,bbb,cfpb_complaint,approved_seed,FC HoldCo LLC,cfpb_complaint,approved_seed,95.0,0.95,unknown,needs_review,0,1,2026-06-11T00:20:04Z
351,fc holdco complaints,fc holdco complaints,complaints,complaints,cfpb_complaint,approved_seed,FC HoldCo LLC,cfpb_complaint,approved_seed,95.0,0.95,unknown,needs_review,0,1,2026-06-11T00:20:04Z
353,fc holdco phone number,fc holdco phone number,phone_number,phone_number,cfpb_complaint,approved_seed,FC HoldCo LLC,cfpb_complaint,approved_seed,95.0,0.95,unknown,needs_review,0,1,2026-06-11T00:20:04Z
350,fc holdco reviews,fc holdco reviews,reviews,reviews,cfpb_complaint,approved_seed,FC HoldCo LLC,cfpb_complaint,approved_seed,95.0,0.95,unknown,needs_review,0,1,2026-06-11T00:20:04Z
223,freedom mortgage,freedom mortgage,brand,brand,cfpb_complaint,approved_seed,Freedom Mortgage Company,cfpb_complaint,approved_seed,95.0,0.95,unknown,needs_review,0,1,2026-06-11T00:20:04Z
228,freedom mortgage alternative,freedom mortgage alternative,alternative,alternative,cfpb_complaint,approved_seed,Freedom Mortgage Company,cfpb_complaint,approved_seed,95.0,0.95,unknown,needs_review,0,1,2026-06-11T00:20:04Z
226,freedom mortgage bbb,freedom mortgage bbb,bbb,bbb,cfpb_complaint,approved_seed,Freedom Mortgage Company,cfpb_complaint,approved_seed,95.0,0.95,unknown,needs_review,0,1,2026-06-11T00:20:04Z
225,freedom mortgage complaints,freedom mortgage complaints,complaints,complaints,cfpb_complaint,approved_seed,Freedom Mortgage Company,cfpb_complaint,approved_seed,95.0,0.95,unknown,needs_review,0,1,2026-06-11T00:20:04Z
227,freedom mortgage phone number,freedom mortgage phone number,phone_number,phone_number,cfpb_complaint,approved_seed,Freedom Mortgage Company,cfpb_complaint,approved_seed,95.0,0.95,unknown,needs_review,0,1,2026-06-11T00:20:04Z
224,freedom mortgage reviews,freedom mortgage reviews,reviews,reviews,cfpb_complaint,approved_seed,Freedom Mortgage Company,cfpb_complaint,approved_seed,95.0,0.95,unknown,needs_review,0,1,2026-06-11T00:20:04Z
85,i c system,i c system,brand,brand,cfpb_complaint,approved_seed,"I.C. System, Inc.",cfpb_complaint,approved_seed,95.0,0.95,unknown,needs_review,0,1,2026-06-11T00:20:04Z
90,i c system alternative,i c system alternative,alternative,alternative,cfpb_complaint,approved_seed,"I.C. System, Inc.",cfpb_complaint,approved_seed,95.0,0.95,unknown,needs_review,0,1,2026-06-11T00:20:04Z
88,i c system bbb,i c system bbb,bbb,bbb,cfpb_complaint,approved_seed,"I.C. System, Inc.",cfpb_complaint,approved_seed,95.0,0.95,unknown,needs_review,0,1,2026-06-11T00:20:04Z
87,i c system complaints,i c system complaints,complaints,complaints,cfpb_complaint,approved_seed,"I.C. System, Inc.",cfpb_complaint,approved_seed,95.0,0.95,unknown,needs_review,0,1,2026-06-11T00:20:04Z
89,i c system phone number,i c system phone number,phone_number,phone_number,cfpb_complaint,approved_seed,"I.C. System, Inc.",cfpb_complaint,approved_seed,95.0,0.95,unknown,needs_review,0,1,2026-06-11T00:20:04Z
86,i c system reviews,i c system reviews,reviews,reviews,cfpb_complaint,approved_seed,"I.C. System, Inc.",cfpb_complaint,approved_seed,95.0,0.95,unknown,needs_review,0,1,2026-06-11T00:20:04Z
199,mr cooper,mr cooper,brand,brand,cfpb_complaint,approved_seed,Mr. Cooper Group Inc.,cfpb_complaint,approved_seed,95.0,0.95,unknown,needs_review,0,1,2026-06-11T00:20:04Z
204,mr cooper alternative,mr cooper alternative,alternative,alternative,cfpb_complaint,approved_seed,Mr. Cooper Group Inc.,cfpb_complaint,approved_seed,95.0,0.95,unknown,needs_review,0,1,2026-06-11T00:20:04Z
202,mr cooper bbb,mr cooper bbb,bbb,bbb,cfpb_complaint,approved_seed,Mr. Cooper Group Inc.,cfpb_complaint,approved_seed,95.0,0.95,unknown,needs_review,0,1,2026-06-11T00:20:04Z
201,mr cooper complaints,mr cooper complaints,complaints,complaints,cfpb_complaint,approved_seed,Mr. Cooper Group Inc.,cfpb_complaint,approved_seed,95.0,0.95,unknown,needs_review,0,1,2026-06-11T00:20:04Z
203,mr cooper phone number,mr cooper phone number,phone_number,phone_number,cfpb_complaint,approved_seed,Mr. Cooper Group Inc.,cfpb_complaint,approved_seed,95.0,0.95,unknown,needs_review,0,1,2026-06-11T00:20:04Z
200,mr cooper reviews,mr cooper reviews,reviews,reviews,cfpb_complaint,approved_seed,Mr. Cooper Group Inc.,cfpb_complaint,approved_seed,95.0,0.95,unknown,needs_review,0,1,2026-06-11T00:20:04Z
403,onemain finance,onemain finance,brand,brand,cfpb_complaint,approved_seed,OneMain Finance Corporation,cfpb_complaint,approved_seed,95.0,0.95,unknown,needs_review,0,1,2026-06-11T00:20:04Z
408,onemain finance alternative,onemain finance alternative,alternative,alternative,cfpb_complaint,approved_seed,OneMain Finance Corporation,cfpb_complaint,approved_seed,95.0,0.95,unknown,needs_review,0,1,2026-06-11T00:20:04Z
406,onemain finance bbb,onemain finance bbb,bbb,bbb,cfpb_complaint,approved_seed,OneMain Finance Corporation,cfpb_complaint,approved_seed,95.0,0.95,unknown,needs_review,0,1,2026-06-11T00:20:04Z
405,onemain finance complaints,onemain finance complaints,complaints,complaints,cfpb_complaint,approved_seed,OneMain Finance Corporation,cfpb_complaint,approved_seed,95.0,0.95,unknown,needs_review,0,1,2026-06-11T00:20:04Z
407,onemain finance phone number,onemain finance phone number,phone_number,phone_number,cfpb_complaint,approved_seed,OneMain Finance Corporation,cfpb_complaint,approved_seed,95.0,0.95,unknown,needs_review,0,1,2026-06-11T00:20:04Z
404,onemain finance reviews,onemain finance reviews,reviews,reviews,cfpb_complaint,approved_seed,OneMain Finance Corporation,cfpb_complaint,approved_seed,95.0,0.95,unknown,needs_review,0,1,2026-06-11T00:20:04Z
217,rocket mortgage,rocket mortgage,brand,brand,cfpb_complaint,approved_seed,"Rocket Mortgage, LLC",cfpb_complaint,approved_seed,95.0,0.95,unknown,needs_review,0,1,2026-06-11T00:20:04Z
222,rocket mortgage alternative,rocket mortgage alternative,alternative,alternative,cfpb_complaint,approved_seed,"Rocket Mortgage, LLC",cfpb_complaint,approved_seed,95.0,0.95,unknown,needs_review,0,1,2026-06-11T00:20:04Z
220,rocket mortgage bbb,rocket mortgage bbb,bbb,bbb,cfpb_complaint,approved_seed,"Rocket Mortgage, LLC",cfpb_complaint,approved_seed,95.0,0.95,unknown,needs_review,0,1,2026-06-11T00:20:04Z
219,rocket mortgage complaints,rocket mortgage complaints,complaints,complaints,cfpb_complaint,approved_seed,"Rocket Mortgage, LLC",cfpb_complaint,approved_seed,95.0,0.95,unknown,needs_review,0,1,2026-06-11T00:20:04Z
221,rocket mortgage phone number,rocket mortgage phone number,phone_number,phone_number,cfpb_complaint,approved_seed,"Rocket Mortgage, LLC",cfpb_complaint,approved_seed,95.0,0.95,unknown,needs_review,0,1,2026-06-11T00:20:04Z
218,rocket mortgage reviews,rocket mortgage reviews,reviews,reviews,cfpb_complaint,approved_seed,"Rocket Mortgage, LLC",cfpb_complaint,approved_seed,95.0,0.95,unknown,needs_review,0,1,2026-06-11T00:20:04Z
259,select portfolio servicing,select portfolio servicing,brand,brand,cfpb_complaint,approved_seed,"SELECT PORTFOLIO SERVICING, INC.",cfpb_complaint,approved_seed,95.0,0.95,unknown,needs_review,0,1,2026-06-11T00:20:04Z
264,select portfolio servicing alternative,select portfolio servicing alternative,alternative,alternative,cfpb_complaint,approved_seed,"SELECT PORTFOLIO SERVICING, INC.",cfpb_complaint,approved_seed,95.0,0.95,unknown,needs_review,0,1,2026-06-11T00:20:04Z
262,select portfolio servicing bbb,select portfolio servicing bbb,bbb,bbb,cfpb_complaint,approved_seed,"SELECT PORTFOLIO SERVICING, INC.",cfpb_complaint,approved_seed,95.0,0.95,unknown,needs_review,0,1,2026-06-11T00:20:04Z
261,select portfolio servicing complaints,select portfolio servicing complaints,complaints,complaints,cfpb_complaint,approved_seed,"SELECT PORTFOLIO SERVICING, INC.",cfpb_complaint,approved_seed,95.0,0.95,unknown,needs_review,0,1,2026-06-11T00:20:04Z
263,select portfolio servicing phone number,select portfolio servicing phone number,phone_number,phone_number,cfpb_complaint,approved_seed,"SELECT PORTFOLIO SERVICING, INC.",cfpb_complaint,approved_seed,95.0,0.95,unknown,needs_review,0,1,2026-06-11T00:20:04Z
260,select portfolio servicing reviews,select portfolio servicing reviews,reviews,reviews,cfpb_complaint,approved_seed,"SELECT PORTFOLIO SERVICING, INC.",cfpb_complaint,approved_seed,95.0,0.95,unknown,needs_review,0,1,2026-06-11T00:20:04Z
193,shellpoint partners,shellpoint partners,brand,brand,cfpb_complaint,approved_seed,"Shellpoint Partners, LLC",cfpb_complaint,approved_seed,95.0,0.95,unknown,needs_review,0,1,2026-06-11T00:20:04Z
198,shellpoint partners alternative,shellpoint partners alternative,alternative,alternative,cfpb_complaint,approved_seed,"Shellpoint Partners, LLC",cfpb_complaint,approved_seed,95.0,0.95,unknown,needs_review,0,1,2026-06-11T00:20:04Z
196,shellpoint partners bbb,shellpoint partners bbb,bbb,bbb,cfpb_complaint,approved_seed,"Shellpoint Partners, LLC",cfpb_complaint,approved_seed,95.0,0.95,unknown,needs_review,0,1,2026-06-11T00:20:04Z
195,shellpoint partners complaints,shellpoint partners complaints,complaints,complaints,cfpb_complaint,approved_seed,"Shellpoint Partners, LLC",cfpb_complaint,approved_seed,95.0,0.95,unknown,needs_review,0,1,2026-06-11T00:20:04Z
197,shellpoint partners phone number,shellpoint partners phone number,phone_number,phone_number,cfpb_complaint,approved_seed,"Shellpoint Partners, LLC",cfpb_complaint,approved_seed,95.0,0.95,unknown,needs_review,0,1,2026-06-11T00:20:04Z
194,shellpoint partners reviews,shellpoint partners reviews,reviews,reviews,cfpb_complaint,approved_seed,"Shellpoint Partners, LLC",cfpb_complaint,approved_seed,95.0,0.95,unknown,needs_review,0,1,2026-06-11T00:20:04Z
181,ally financial,ally financial,brand,brand,cfpb_complaint,approved_seed,ALLY FINANCIAL INC.,cfpb_complaint,approved_seed,94.0,0.94,unknown,needs_review,0,1,2026-06-11T00:20:04Z
186,ally financial alternative,ally financial alternative,alternative,alternative,cfpb_complaint,approved_seed,ALLY FINANCIAL INC.,cfpb_complaint,approved_seed,94.0,0.94,unknown,needs_review,0,1,2026-06-11T00:20:04Z
184,ally financial bbb,ally financial bbb,bbb,bbb,cfpb_complaint,approved_seed,ALLY FINANCIAL INC.,cfpb_complaint,approved_seed,94.0,0.94,unknown,needs_review,0,1,2026-06-11T00:20:04Z
183,ally financial complaints,ally financial complaints,complaints,complaints,cfpb_complaint,approved_seed,ALLY FINANCIAL INC.,cfpb_complaint,approved_seed,94.0,0.94,unknown,needs_review,0,1,2026-06-11T00:20:04Z
185,ally financial phone number,ally financial phone number,phone_number,phone_number,cfpb_complaint,approved_seed,ALLY FINANCIAL INC.,cfpb_complaint,approved_seed,94.0,0.94,unknown,needs_review,0,1,2026-06-11T00:20:04Z
182,ally financial reviews,ally financial reviews,reviews,reviews,cfpb_complaint,approved_seed,ALLY FINANCIAL INC.,cfpb_complaint,approved_seed,94.0,0.94,unknown,needs_review,0,1,2026-06-11T00:20:04Z
91,capital one financial,capital one financial,brand,brand,cfpb_complaint,approved_seed,CAPITAL ONE FINANCIAL CORPORATION,cfpb_complaint,approved_seed,94.0,0.94,unknown,needs_review,0,1,2026-06-11T00:20:04Z
96,capital one financial alternative,capital one financial alternative,alternative,alternative,cfpb_complaint,approved_seed,CAPITAL ONE FINANCIAL CORPORATION,cfpb_complaint,approved_seed,94.0,0.94,unknown,needs_review,0,1,2026-06-11T00:20:04Z
94,capital one financial bbb,capital one financial bbb,bbb,bbb,cfpb_complaint,approved_seed,CAPITAL ONE FINANCIAL CORPORATION,cfpb_complaint,approved_seed,94.0,0.94,unknown,needs_review,0,1,2026-06-11T00:20:04Z
93,capital one financial complaints,capital one financial complaints,complaints,complaints,cfpb_complaint,approved_seed,CAPITAL ONE FINANCIAL CORPORATION,cfpb_complaint,approved_seed,94.0,0.94,unknown,needs_review,0,1,2026-06-11T00:20:04Z
95,capital one financial phone number,capital one financial phone number,phone_number,phone_number,cfpb_complaint,approved_seed,CAPITAL ONE FINANCIAL CORPORATION,cfpb_complaint,approved_seed,94.0,0.94,unknown,needs_review,0,1,2026-06-11T00:20:04Z
92,capital one financial reviews,capital one financial reviews,reviews,reviews,cfpb_complaint,approved_seed,CAPITAL ONE FINANCIAL CORPORATION,cfpb_complaint,approved_seed,94.0,0.94,unknown,needs_review,0,1,2026-06-11T00:20:04Z
289,fifth third financial,fifth third financial,brand,brand,cfpb_complaint,approved_seed,FIFTH THIRD FINANCIAL CORPORATION,cfpb_complaint,approved_seed,94.0,0.94,unknown,needs_review,0,1,2026-06-11T00:20:04Z
294,fifth third financial alternative,fifth third financial alternative,alternative,alternative,cfpb_complaint,approved_seed,FIFTH THIRD FINANCIAL CORPORATION,cfpb_complaint,approved_seed,94.0,0.94,unknown,needs_review,0,1,2026-06-11T00:20:04Z
292,fifth third financial bbb,fifth third financial bbb,bbb,bbb,cfpb_complaint,approved_seed,FIFTH THIRD FINANCIAL CORPORATION,cfpb_complaint,approved_seed,94.0,0.94,unknown,needs_review,0,1,2026-06-11T00:20:04Z
291,fifth third financial complaints,fifth third financial complaints,complaints,complaints,cfpb_complaint,approved_seed,FIFTH THIRD FINANCIAL CORPORATION,cfpb_complaint,approved_seed,94.0,0.94,unknown,needs_review,0,1,2026-06-11T00:20:04Z
293,fifth third financial phone number,fifth third financial phone number,phone_number,phone_number,cfpb_complaint,approved_seed,FIFTH THIRD FINANCIAL CORPORATION,cfpb_complaint,approved_seed,94.0,0.94,unknown,needs_review,0,1,2026-06-11T00:20:04Z
290,fifth third financial reviews,fifth third financial reviews,reviews,reviews,cfpb_complaint,approved_seed,FIFTH THIRD FINANCIAL CORPORATION,cfpb_complaint,approved_seed,94.0,0.94,unknown,needs_review,0,1,2026-06-11T00:20:04Z
1,equifax,equifax,brand,brand,cfpb_complaint,approved_seed,"EQUIFAX, INC.",cfpb_complaint,approved_seed,93.8,0.938,unknown,needs_review,0,1,2026-06-11T00:20:04Z
6,equifax alternative,equifax alternative,alternative,alternative,cfpb_complaint,approved_seed,"EQUIFAX, INC.",cfpb_complaint,approved_seed,93.8,0.938,unknown,needs_review,0,1,2026-06-11T00:20:04Z
4,equifax bbb,equifax bbb,bbb,bbb,cfpb_complaint,approved_seed,"EQUIFAX, INC.",cfpb_complaint,approved_seed,93.8,0.938,unknown,needs_review,0,1,2026-06-11T00:20:04Z
3,equifax complaints,equifax complaints,complaints,complaints,cfpb_complaint,approved_seed,"EQUIFAX, INC.",cfpb_complaint,approved_seed,93.8,0.938,unknown,needs_review,0,1,2026-06-11T00:20:04Z
5,equifax phone number,equifax phone number,phone_number,phone_number,cfpb_complaint,approved_seed,"EQUIFAX, INC.",cfpb_complaint,approved_seed,93.8,0.938,unknown,needs_review,0,1,2026-06-11T00:20:04Z
2,equifax reviews,equifax reviews,reviews,reviews,cfpb_complaint,approved_seed,"EQUIFAX, INC.",cfpb_complaint,approved_seed,93.8,0.938,unknown,needs_review,0,1,2026-06-11T00:20:04Z
115,clgf holdco 1,clgf holdco 1,brand,brand,cfpb_complaint,approved_seed,"CLGF Holdco 1, LLC",cfpb_complaint,approved_seed,93.0,0.93,unknown,needs_review,0,1,2026-06-11T00:20:04Z
120,clgf holdco 1 alternative,clgf holdco 1 alternative,alternative,alternative,cfpb_complaint,approved_seed,"CLGF Holdco 1, LLC",cfpb_complaint,approved_seed,93.0,0.93,unknown,needs_review,0,1,2026-06-11T00:20:04Z
118,clgf holdco 1 bbb,clgf holdco 1 bbb,bbb,bbb,cfpb_complaint,approved_seed,"CLGF Holdco 1, LLC",cfpb_complaint,approved_seed,93.0,0.93,unknown,needs_review,0,1,2026-06-11T00:20:04Z
117,clgf holdco 1 complaints,clgf holdco 1 complaints,complaints,complaints,cfpb_complaint,approved_seed,"CLGF Holdco 1, LLC",cfpb_complaint,approved_seed,93.0,0.93,unknown,needs_review,0,1,2026-06-11T00:20:04Z
119,clgf holdco 1 phone number,clgf holdco 1 phone number,phone_number,phone_number,cfpb_complaint,approved_seed,"CLGF Holdco 1, LLC",cfpb_complaint,approved_seed,93.0,0.93,unknown,needs_review,0,1,2026-06-11T00:20:04Z
116,clgf holdco 1 reviews,clgf holdco 1 reviews,reviews,reviews,cfpb_complaint,approved_seed,"CLGF Holdco 1, LLC",cfpb_complaint,approved_seed,93.0,0.93,unknown,needs_review,0,1,2026-06-11T00:20:04Z
61,encore capital,encore capital,brand,brand,cfpb_complaint,approved_seed,ENCORE CAPITAL GROUP INC.,cfpb_complaint,approved_seed,93.0,0.93,unknown,needs_review,0,1,2026-06-11T00:20:04Z
66,encore capital alternative,encore capital alternative,alternative,alternative,cfpb_complaint,approved_seed,ENCORE CAPITAL GROUP INC.,cfpb_complaint,approved_seed,93.0,0.93,unknown,needs_review,0,1,2026-06-11T00:20:04Z
64,encore capital bbb,encore capital bbb,bbb,bbb,cfpb_complaint,approved_seed,ENCORE CAPITAL GROUP INC.,cfpb_complaint,approved_seed,93.0,0.93,unknown,needs_review,0,1,2026-06-11T00:20:04Z
63,encore capital complaints,encore capital complaints,complaints,complaints,cfpb_complaint,approved_seed,ENCORE CAPITAL GROUP INC.,cfpb_complaint,approved_seed,93.0,0.93,unknown,needs_review,0,1,2026-06-11T00:20:04Z
65,encore capital phone number,encore capital phone number,phone_number,phone_number,cfpb_complaint,approved_seed,ENCORE CAPITAL GROUP INC.,cfpb_complaint,approved_seed,93.0,0.93,unknown,needs_review,0,1,2026-06-11T00:20:04Z
62,encore capital reviews,encore capital reviews,reviews,reviews,cfpb_complaint,approved_seed,ENCORE CAPITAL GROUP INC.,cfpb_complaint,approved_seed,93.0,0.93,unknown,needs_review,0,1,2026-06-11T00:20:04Z
13,transunion intermediate,transunion intermediate,brand,brand,cfpb_complaint,approved_seed,"TRANSUNION INTERMEDIATE HOLDINGS, INC.",cfpb_complaint,approved_seed,92.6,0.926,unknown,needs_review,0,1,2026-06-11T00:20:04Z
18,transunion intermediate alternative,transunion intermediate alternative,alternative,alternative,cfpb_complaint,approved_seed,"TRANSUNION INTERMEDIATE HOLDINGS, INC.",cfpb_complaint,approved_seed,92.6,0.926,unknown,needs_review,0,1,2026-06-11T00:20:04Z
16,transunion intermediate bbb,transunion intermediate bbb,bbb,bbb,cfpb_complaint,approved_seed,"TRANSUNION INTERMEDIATE HOLDINGS, INC.",cfpb_complaint,approved_seed,92.6,0.926,unknown,needs_review,0,1,2026-06-11T00:20:04Z
15,transunion intermediate complaints,transunion intermediate complaints,complaints,complaints,cfpb_complaint,approved_seed,"TRANSUNION INTERMEDIATE HOLDINGS, INC.",cfpb_complaint,approved_seed,92.6,0.926,unknown,needs_review,0,1,2026-06-11T00:20:04Z
17,transunion intermediate phone number,transunion intermediate phone number,phone_number,phone_number,cfpb_complaint,approved_seed,"TRANSUNION INTERMEDIATE HOLDINGS, INC.",cfpb_complaint,approved_seed,92.6,0.926,unknown,needs_review,0,1,2026-06-11T00:20:04Z
14,transunion intermediate reviews,transunion intermediate reviews,reviews,reviews,cfpb_complaint,approved_seed,"TRANSUNION INTERMEDIATE HOLDINGS, INC.",cfpb_complaint,approved_seed,92.6,0.926,unknown,needs_review,0,1,2026-06-11T00:20:04Z
145,u s bancorp,u s bancorp,brand,brand,cfpb_complaint,approved_seed,U.S. BANCORP,cfpb_complaint,approved_seed,92.43,0.9243,unknown,needs_review,0,1,2026-06-11T00:20:04Z
150,u s bancorp alternative,u s bancorp alternative,alternative,alternative,cfpb_complaint,approved_seed,U.S. BANCORP,cfpb_complaint,approved_seed,92.43,0.9243,unknown,needs_review,0,1,2026-06-11T00:20:04Z
148,u s bancorp bbb,u s bancorp bbb,bbb,bbb,cfpb_complaint,approved_seed,U.S. BANCORP,cfpb_complaint,approved_seed,92.43,0.9243,unknown,needs_review,0,1,2026-06-11T00:20:04Z
147,u s bancorp complaints,u s bancorp complaints,complaints,complaints,cfpb_complaint,approved_seed,U.S. BANCORP,cfpb_complaint,approved_seed,92.43,0.9243,unknown,needs_review,0,1,2026-06-11T00:20:04Z
149,u s bancorp phone number,u s bancorp phone number,phone_number,phone_number,cfpb_complaint,approved_seed,U.S. BANCORP,cfpb_complaint,approved_seed,92.43,0.9243,unknown,needs_review,0,1,2026-06-11T00:20:04Z
146,u s bancorp reviews,u s bancorp reviews,reviews,reviews,cfpb_complaint,approved_seed,U.S. BANCORP,cfpb_complaint,approved_seed,92.43,0.9243,unknown,needs_review,0,1,2026-06-11T00:20:04Z
187,new york community bancorp,new york community bancorp,brand,brand,cfpb_complaint,approved_seed,NEW YORK COMMUNITY BANCORP INC,cfpb_complaint,approved_seed,92.0,0.92,unknown,needs_review,0,1,2026-06-11T00:20:04Z
192,new york community bancorp alternative,new york community bancorp alternative,alternative,alternative,cfpb_complaint,approved_seed,NEW YORK COMMUNITY BANCORP INC,cfpb_complaint,approved_seed,92.0,0.92,unknown,needs_review,0,1,2026-06-11T00:20:04Z
190,new york community bancorp bbb,new york community bancorp bbb,bbb,bbb,cfpb_complaint,approved_seed,NEW YORK COMMUNITY BANCORP INC,cfpb_complaint,approved_seed,92.0,0.92,unknown,needs_review,0,1,2026-06-11T00:20:04Z
189,new york community bancorp complaints,new york community bancorp complaints,complaints,complaints,cfpb_complaint,approved_seed,NEW YORK COMMUNITY BANCORP INC,cfpb_complaint,approved_seed,92.0,0.92,unknown,needs_review,0,1,2026-06-11T00:20:04Z
191,new york community bancorp phone number,new york community bancorp phone number,phone_number,phone_number,cfpb_complaint,approved_seed,NEW YORK COMMUNITY BANCORP INC,cfpb_complaint,approved_seed,92.0,0.92,unknown,needs_review,0,1,2026-06-11T00:20:04Z
188,new york community bancorp reviews,new york community bancorp reviews,reviews,reviews,cfpb_complaint,approved_seed,NEW YORK COMMUNITY BANCORP INC,cfpb_complaint,approved_seed,92.0,0.92,unknown,needs_review,0,1,2026-06-11T00:20:04Z
55,citibank n a,citibank n a,brand,brand,cfpb_complaint,approved_seed,"CITIBANK, N.A.",cfpb_complaint,approved_seed,91.4,0.914,unknown,needs_review,0,1,2026-06-11T00:20:04Z
60,citibank n a alternative,citibank n a alternative,alternative,alternative,cfpb_complaint,approved_seed,"CITIBANK, N.A.",cfpb_complaint,approved_seed,91.4,0.914,unknown,needs_review,0,1,2026-06-11T00:20:04Z
58,citibank n a bbb,citibank n a bbb,bbb,bbb,cfpb_complaint,approved_seed,"CITIBANK, N.A.",cfpb_complaint,approved_seed,91.4,0.914,unknown,needs_review,0,1,2026-06-11T00:20:04Z
57,citibank n a complaints,citibank n a complaints,complaints,complaints,cfpb_complaint,approved_seed,"CITIBANK, N.A.",cfpb_complaint,approved_seed,91.4,0.914,unknown,needs_review,0,1,2026-06-11T00:20:04Z
59,citibank n a phone number,citibank n a phone number,phone_number,phone_number,cfpb_complaint,approved_seed,"CITIBANK, N.A.",cfpb_complaint,approved_seed,91.4,0.914,unknown,needs_review,0,1,2026-06-11T00:20:04Z
56,citibank n a reviews,citibank n a reviews,reviews,reviews,cfpb_complaint,approved_seed,"CITIBANK, N.A.",cfpb_complaint,approved_seed,91.4,0.914,unknown,needs_review,0,1,2026-06-11T00:20:04Z
379,chime financial,chime financial,brand,brand,cfpb_complaint,approved_seed,Chime Financial Inc,cfpb_complaint,approved_seed,91.0,0.91,unknown,needs_review,0,1,2026-06-11T00:20:04Z
384,chime financial alternative,chime financial alternative,alternative,alternative,cfpb_complaint,approved_seed,Chime Financial Inc,cfpb_complaint,approved_seed,91.0,0.91,unknown,needs_review,0,1,2026-06-11T00:20:04Z
382,chime financial bbb,chime financial bbb,bbb,bbb,cfpb_complaint,approved_seed,Chime Financial Inc,cfpb_complaint,approved_seed,91.0,0.91,unknown,needs_review,0,1,2026-06-11T00:20:04Z
381,chime financial complaints,chime financial complaints,complaints,complaints,cfpb_complaint,approved_seed,Chime Financial Inc,cfpb_complaint,approved_seed,91.0,0.91,unknown,needs_review,0,1,2026-06-11T00:20:04Z
383,chime financial phone number,chime financial phone number,phone_number,phone_number,cfpb_complaint,approved_seed,Chime Financial Inc,cfpb_complaint,approved_seed,91.0,0.91,unknown,needs_review,0,1,2026-06-11T00:20:04Z
380,chime financial reviews,chime financial reviews,reviews,reviews,cfpb_complaint,approved_seed,Chime Financial Inc,cfpb_complaint,approved_seed,91.0,0.91,unknown,needs_review,0,1,2026-06-11T00:20:04Z
127,american express,american express,brand,brand,cfpb_complaint,approved_seed,AMERICAN EXPRESS COMPANY,cfpb_complaint,approved_seed,90.5,0.905,unknown,needs_review,0,1,2026-06-11T00:20:04Z
132,american express alternative,american express alternative,alternative,alternative,cfpb_complaint,approved_seed,AMERICAN EXPRESS COMPANY,cfpb_complaint,approved_seed,90.5,0.905,unknown,needs_review,0,1,2026-06-11T00:20:04Z
130,american express bbb,american express bbb,bbb,bbb,cfpb_complaint,approved_seed,AMERICAN EXPRESS COMPANY,cfpb_complaint,approved_seed,90.5,0.905,unknown,needs_review,0,1,2026-06-11T00:20:04Z
129,american express complaints,american express complaints,complaints,complaints,cfpb_complaint,approved_seed,AMERICAN EXPRESS COMPANY,cfpb_complaint,approved_seed,90.5,0.905,unknown,needs_review,0,1,2026-06-11T00:20:04Z
131,american express phone number,american express phone number,phone_number,phone_number,cfpb_complaint,approved_seed,AMERICAN EXPRESS COMPANY,cfpb_complaint,approved_seed,90.5,0.905,unknown,needs_review,0,1,2026-06-11T00:20:04Z
128,american express reviews,american express reviews,reviews,reviews,cfpb_complaint,approved_seed,AMERICAN EXPRESS COMPANY,cfpb_complaint,approved_seed,90.5,0.905,unknown,needs_review,0,1,2026-06-11T00:20:04Z
157,sofi technologies,sofi technologies,brand,brand,cfpb_complaint,approved_seed,"SOFI TECHNOLOGIES, INC.",cfpb_complaint,approved_seed,90.5,0.905,unknown,needs_review,0,1,2026-06-11T00:20:04Z
162,sofi technologies alternative,sofi technologies alternative,alternative,alternative,cfpb_complaint,approved_seed,"SOFI TECHNOLOGIES, INC.",cfpb_complaint,approved_seed,90.5,0.905,unknown,needs_review,0,1,2026-06-11T00:20:04Z
160,sofi technologies bbb,sofi technologies bbb,bbb,bbb,cfpb_complaint,approved_seed,"SOFI TECHNOLOGIES, INC.",cfpb_complaint,approved_seed,90.5,0.905,unknown,needs_review,0,1,2026-06-11T00:20:04Z
159,sofi technologies complaints,sofi technologies complaints,complaints,complaints,cfpb_complaint,approved_seed,"SOFI TECHNOLOGIES, INC.",cfpb_complaint,approved_seed,90.5,0.905,unknown,needs_review,0,1,2026-06-11T00:20:04Z
161,sofi technologies phone number,sofi technologies phone number,phone_number,phone_number,cfpb_complaint,approved_seed,"SOFI TECHNOLOGIES, INC.",cfpb_complaint,approved_seed,90.5,0.905,unknown,needs_review,0,1,2026-06-11T00:20:04Z
158,sofi technologies reviews,sofi technologies reviews,reviews,reviews,cfpb_complaint,approved_seed,"SOFI TECHNOLOGIES, INC.",cfpb_complaint,approved_seed,90.5,0.905,unknown,needs_review,0,1,2026-06-11T00:20:04Z
343,exeter finance,exeter finance,brand,brand,cfpb_complaint,approved_seed,"Exeter Finance, LLC.",cfpb_complaint,approved_seed,90.0,0.9,unknown,needs_review,0,1,2026-06-11T00:20:04Z
348,exeter finance alternative,exeter finance alternative,alternative,alternative,cfpb_complaint,approved_seed,"Exeter Finance, LLC.",cfpb_complaint,approved_seed,90.0,0.9,unknown,needs_review,0,1,2026-06-11T00:20:04Z
346,exeter finance bbb,exeter finance bbb,bbb,bbb,cfpb_complaint,approved_seed,"Exeter Finance, LLC.",cfpb_complaint,approved_seed,90.0,0.9,unknown,needs_review,0,1,2026-06-11T00:20:04Z
345,exeter finance complaints,exeter finance complaints,complaints,complaints,cfpb_complaint,approved_seed,"Exeter Finance, LLC.",cfpb_complaint,approved_seed,90.0,0.9,unknown,needs_review,0,1,2026-06-11T00:20:04Z
347,exeter finance phone number,exeter finance phone number,phone_number,phone_number,cfpb_complaint,approved_seed,"Exeter Finance, LLC.",cfpb_complaint,approved_seed,90.0,0.9,unknown,needs_review,0,1,2026-06-11T00:20:04Z
344,exeter finance reviews,exeter finance reviews,reviews,reviews,cfpb_complaint,approved_seed,"Exeter Finance, LLC.",cfpb_complaint,approved_seed,90.0,0.9,unknown,needs_review,0,1,2026-06-11T00:20:04Z
283,hyundai capital america,hyundai capital america,brand,brand,cfpb_complaint,approved_seed,HYUNDAI CAPITAL AMERICA,cfpb_complaint,approved_seed,90.0,0.9,unknown,needs_review,0,1,2026-06-11T00:20:04Z
288,hyundai capital america alternative,hyundai capital america alternative,alternative,alternative,cfpb_complaint,approved_seed,HYUNDAI CAPITAL AMERICA,cfpb_complaint,approved_seed,90.0,0.9,unknown,needs_review,0,1,2026-06-11T00:20:04Z
286,hyundai capital america bbb,hyundai capital america bbb,bbb,bbb,cfpb_complaint,approved_seed,HYUNDAI CAPITAL AMERICA,cfpb_complaint,approved_seed,90.0,0.9,unknown,needs_review,0,1,2026-06-11T00:20:04Z
285,hyundai capital america complaints,hyundai capital america complaints,complaints,complaints,cfpb_complaint,approved_seed,HYUNDAI CAPITAL AMERICA,cfpb_complaint,approved_seed,90.0,0.9,unknown,needs_review,0,1,2026-06-11T00:20:04Z
287,hyundai capital america phone number,hyundai capital america phone number,phone_number,phone_number,cfpb_complaint,approved_seed,HYUNDAI CAPITAL AMERICA,cfpb_complaint,approved_seed,90.0,0.9,unknown,needs_review,0,1,2026-06-11T00:20:04Z
284,hyundai capital america reviews,hyundai capital america reviews,reviews,reviews,cfpb_complaint,approved_seed,HYUNDAI CAPITAL AMERICA,cfpb_complaint,approved_seed,90.0,0.9,unknown,needs_review,0,1,2026-06-11T00:20:04Z
37,cl,cl,brand,brand,cfpb_complaint,approved_seed,CL Holdings LLC,cfpb_complaint,approved_seed,88.0,0.88,unknown,needs_review,0,1,2026-06-11T00:20:04Z
42,cl alternative,cl alternative,alternative,alternative,cfpb_complaint,approved_seed,CL Holdings LLC,cfpb_complaint,approved_seed,88.0,0.88,unknown,needs_review,0,1,2026-06-11T00:20:04Z
40,cl bbb,cl bbb,bbb,bbb,cfpb_complaint,approved_seed,CL Holdings LLC,cfpb_complaint,approved_seed,88.0,0.88,unknown,needs_review,0,1,2026-06-11T00:20:04Z
39,cl complaints,cl complaints,complaints,complaints,cfpb_complaint,approved_seed,CL Holdings LLC,cfpb_complaint,approved_seed,88.0,0.88,unknown,needs_review,0,1,2026-06-11T00:20:04Z
41,cl phone number,cl phone number,phone_number,phone_number,cfpb_complaint,approved_seed,CL Holdings LLC,cfpb_complaint,approved_seed,88.0,0.88,unknown,needs_review,0,1,2026-06-11T00:20:04Z
38,cl reviews,cl reviews,reviews,reviews,cfpb_complaint,approved_seed,CL Holdings LLC,cfpb_complaint,approved_seed,88.0,0.88,unknown,needs_review,0,1,2026-06-11T00:20:04Z
49,portfolio recovery associates,portfolio recovery associates,brand,brand,cfpb_complaint,approved_seed,"Portfolio Recovery Associates, LLC",cfpb_complaint,approved_seed,88.0,0.88,unknown,needs_review,0,1,2026-06-11T00:20:04Z
54,portfolio recovery associates alternative,portfolio recovery associates alternative,alternative,alternative,cfpb_complaint,approved_seed,"Portfolio Recovery Associates, LLC",cfpb_complaint,approved_seed,88.0,0.88,unknown,needs_review,0,1,2026-06-11T00:20:04Z
52,portfolio recovery associates bbb,portfolio recovery associates bbb,bbb,bbb,cfpb_complaint,approved_seed,"Portfolio Recovery Associates, LLC",cfpb_complaint,approved_seed,88.0,0.88,unknown,needs_review,0,1,2026-06-11T00:20:04Z
51,portfolio recovery associates complaints,portfolio recovery associates complaints,complaints,complaints,cfpb_complaint,approved_seed,"Portfolio Recovery Associates, LLC",cfpb_complaint,approved_seed,88.0,0.88,unknown,needs_review,0,1,2026-06-11T00:20:04Z
53,portfolio recovery associates phone number,portfolio recovery associates phone number,phone_number,phone_number,cfpb_complaint,approved_seed,"Portfolio Recovery Associates, LLC",cfpb_complaint,approved_seed,88.0,0.88,unknown,needs_review,0,1,2026-06-11T00:20:04Z
50,portfolio recovery associates reviews,portfolio recovery associates reviews,reviews,reviews,cfpb_complaint,approved_seed,"Portfolio Recovery Associates, LLC",cfpb_complaint,approved_seed,88.0,0.88,unknown,needs_review,0,1,2026-06-11T00:20:04Z
19,resurgent capital services l p,resurgent capital services l p,brand,brand,cfpb_complaint,approved_seed,Resurgent Capital Services L.P.,cfpb_complaint,approved_seed,87.0,0.87,unknown,needs_review,0,1,2026-06-11T00:20:04Z
24,resurgent capital services l p alternative,resurgent capital services l p alternative,alternative,alternative,cfpb_complaint,approved_seed,Resurgent Capital Services L.P.,cfpb_complaint,approved_seed,87.0,0.87,unknown,needs_review,0,1,2026-06-11T00:20:04Z
22,resurgent capital services l p bbb,resurgent capital services l p bbb,bbb,bbb,cfpb_complaint,approved_seed,Resurgent Capital Services L.P.,cfpb_complaint,approved_seed,87.0,0.87,unknown,needs_review,0,1,2026-06-11T00:20:04Z
21,resurgent capital services l p complaints,resurgent capital services l p complaints,complaints,complaints,cfpb_complaint,approved_seed,Resurgent Capital Services L.P.,cfpb_complaint,approved_seed,87.0,0.87,unknown,needs_review,0,1,2026-06-11T00:20:04Z
23,resurgent capital services l p phone number,resurgent capital services l p phone number,phone_number,phone_number,cfpb_complaint,approved_seed,Resurgent Capital Services L.P.,cfpb_complaint,approved_seed,87.0,0.87,unknown,needs_review,0,1,2026-06-11T00:20:04Z
20,resurgent capital services l p reviews,resurgent capital services l p reviews,reviews,reviews,cfpb_complaint,approved_seed,Resurgent Capital Services L.P.,cfpb_complaint,approved_seed,87.0,0.87,unknown,needs_review,0,1,2026-06-11T00:20:04Z
25,transworld systems,transworld systems,brand,brand,cfpb_complaint,approved_seed,TRANSWORLD SYSTEMS INC,cfpb_complaint,approved_seed,87.0,0.87,unknown,needs_review,0,1,2026-06-11T00:20:04Z
30,transworld systems alternative,transworld systems alternative,alternative,alternative,cfpb_complaint,approved_seed,TRANSWORLD SYSTEMS INC,cfpb_complaint,approved_seed,87.0,0.87,unknown,needs_review,0,1,2026-06-11T00:20:04Z
28,transworld systems bbb,transworld systems bbb,bbb,bbb,cfpb_complaint,approved_seed,TRANSWORLD SYSTEMS INC,cfpb_complaint,approved_seed,87.0,0.87,unknown,needs_review,0,1,2026-06-11T00:20:04Z
27,transworld systems complaints,transworld systems complaints,complaints,complaints,cfpb_complaint,approved_seed,TRANSWORLD SYSTEMS INC,cfpb_complaint,approved_seed,87.0,0.87,unknown,needs_review,0,1,2026-06-11T00:20:04Z
29,transworld systems phone number,transworld systems phone number,phone_number,phone_number,cfpb_complaint,approved_seed,TRANSWORLD SYSTEMS INC,cfpb_complaint,approved_seed,87.0,0.87,unknown,needs_review,0,1,2026-06-11T00:20:04Z
26,transworld systems reviews,transworld systems reviews,reviews,reviews,cfpb_complaint,approved_seed,TRANSWORLD SYSTEMS INC,cfpb_complaint,approved_seed,87.0,0.87,unknown,needs_review,0,1,2026-06-11T00:20:04Z
205,roundpoint mortgage servicing,roundpoint mortgage servicing,brand,brand,cfpb_complaint,approved_seed,RoundPoint Mortgage Servicing LLC,cfpb_complaint,approved_seed,86.0,0.86,unknown,needs_review,0,1,2026-06-11T00:20:04Z
210,roundpoint mortgage servicing alternative,roundpoint mortgage servicing alternative,alternative,alternative,cfpb_complaint,approved_seed,RoundPoint Mortgage Servicing LLC,cfpb_complaint,approved_seed,86.0,0.86,unknown,needs_review,0,1,2026-06-11T00:20:04Z
208,roundpoint mortgage servicing bbb,roundpoint mortgage servicing bbb,bbb,bbb,cfpb_complaint,approved_seed,RoundPoint Mortgage Servicing LLC,cfpb_complaint,approved_seed,86.0,0.86,unknown,needs_review,0,1,2026-06-11T00:20:04Z
207,roundpoint mortgage servicing complaints,roundpoint mortgage servicing complaints,complaints,complaints,cfpb_complaint,approved_seed,RoundPoint Mortgage Servicing LLC,cfpb_complaint,approved_seed,86.0,0.86,unknown,needs_review,0,1,2026-06-11T00:20:04Z
209,roundpoint mortgage servicing phone number,roundpoint mortgage servicing phone number,phone_number,phone_number,cfpb_complaint,approved_seed,RoundPoint Mortgage Servicing LLC,cfpb_complaint,approved_seed,86.0,0.86,unknown,needs_review,0,1,2026-06-11T00:20:04Z
206,roundpoint mortgage servicing reviews,roundpoint mortgage servicing reviews,reviews,reviews,cfpb_complaint,approved_seed,RoundPoint Mortgage Servicing LLC,cfpb_complaint,approved_seed,86.0,0.86,unknown,needs_review,0,1,2026-06-11T00:20:04Z
331,american honda finance,american honda finance,brand,brand,cfpb_complaint,approved_seed,AMERICAN HONDA FINANCE CORP,cfpb_complaint,approved_seed,85.0,0.85,unknown,needs_review,0,1,2026-06-11T00:20:04Z
336,american honda finance alternative,american honda finance alternative,alternative,alternative,cfpb_complaint,approved_seed,AMERICAN HONDA FINANCE CORP,cfpb_complaint,approved_seed,85.0,0.85,unknown,needs_review,0,1,2026-06-11T00:20:04Z
334,american honda finance bbb,american honda finance bbb,bbb,bbb,cfpb_complaint,approved_seed,AMERICAN HONDA FINANCE CORP,cfpb_complaint,approved_seed,85.0,0.85,unknown,needs_review,0,1,2026-06-11T00:20:04Z
333,american honda finance complaints,american honda finance complaints,complaints,complaints,cfpb_complaint,approved_seed,AMERICAN HONDA FINANCE CORP,cfpb_complaint,approved_seed,85.0,0.85,unknown,needs_review,0,1,2026-06-11T00:20:04Z
335,american honda finance phone number,american honda finance phone number,phone_number,phone_number,cfpb_complaint,approved_seed,AMERICAN HONDA FINANCE CORP,cfpb_complaint,approved_seed,85.0,0.85,unknown,needs_review,0,1,2026-06-11T00:20:04Z
332,american honda finance reviews,american honda finance reviews,reviews,reviews,cfpb_complaint,approved_seed,AMERICAN HONDA FINANCE CORP,cfpb_complaint,approved_seed,85.0,0.85,unknown,needs_review,0,1,2026-06-11T00:20:04Z
121,bread financial,bread financial,brand,brand,cfpb_complaint,approved_seed,"Bread Financial Holdings, Inc.",cfpb_complaint,approved_seed,85.0,0.85,unknown,needs_review,0,1,2026-06-11T00:20:04Z
126,bread financial alternative,bread financial alternative,alternative,alternative,cfpb_complaint,approved_seed,"Bread Financial Holdings, Inc.",cfpb_complaint,approved_seed,85.0,0.85,unknown,needs_review,0,1,2026-06-11T00:20:04Z
124,bread financial bbb,bread financial bbb,bbb,bbb,cfpb_complaint,approved_seed,"Bread Financial Holdings, Inc.",cfpb_complaint,approved_seed,85.0,0.85,unknown,needs_review,0,1,2026-06-11T00:20:04Z
123,bread financial complaints,bread financial complaints,complaints,complaints,cfpb_complaint,approved_seed,"Bread Financial Holdings, Inc.",cfpb_complaint,approved_seed,85.0,0.85,unknown,needs_review,0,1,2026-06-11T00:20:04Z
125,bread financial phone number,bread financial phone number,phone_number,phone_number,cfpb_complaint,approved_seed,"Bread Financial Holdings, Inc.",cfpb_complaint,approved_seed,85.0,0.85,unknown,needs_review,0,1,2026-06-11T00:20:04Z
122,bread financial reviews,bread financial reviews,reviews,reviews,cfpb_complaint,approved_seed,"Bread Financial Holdings, Inc.",cfpb_complaint,approved_seed,85.0,0.85,unknown,needs_review,0,1,2026-06-11T00:20:04Z
7,experian information solutions,experian information solutions,brand,brand,cfpb_complaint,approved_seed,Experian Information Solutions Inc.,cfpb_complaint,approved_seed,85.0,0.85,unknown,needs_review,0,1,2026-06-11T00:20:04Z
12,experian information solutions alternative,experian information solutions alternative,alternative,alternative,cfpb_complaint,approved_seed,Experian Information Solutions Inc.,cfpb_complaint,approved_seed,85.0,0.85,unknown,needs_review,0,1,2026-06-11T00:20:04Z
10,experian information solutions bbb,experian information solutions bbb,bbb,bbb,cfpb_complaint,approved_seed,Experian Information Solutions Inc.,cfpb_complaint,approved_seed,85.0,0.85,unknown,needs_review,0,1,2026-06-11T00:20:04Z
9,experian information solutions complaints,experian information solutions complaints,complaints,complaints,cfpb_complaint,approved_seed,Experian Information Solutions Inc.,cfpb_complaint,approved_seed,85.0,0.85,unknown,needs_review,0,1,2026-06-11T00:20:04Z
11,experian information solutions phone number,experian information solutions phone number,phone_number,phone_number,cfpb_complaint,approved_seed,Experian Information Solutions Inc.,cfpb_complaint,approved_seed,85.0,0.85,unknown,needs_review,0,1,2026-06-11T00:20:04Z
8,experian information solutions reviews,experian information solutions reviews,reviews,reviews,cfpb_complaint,approved_seed,Experian Information Solutions Inc.,cfpb_complaint,approved_seed,85.0,0.85,unknown,needs_review,0,1,2026-06-11T00:20:04Z
241,loancare,loancare,brand,brand,cfpb_complaint,approved_seed,"LoanCare, LLC",cfpb_complaint,approved_seed,85.0,0.85,unknown,needs_review,0,1,2026-06-11T00:20:04Z
246,loancare alternative,loancare alternative,alternative,alternative,cfpb_complaint,approved_seed,"LoanCare, LLC",cfpb_complaint,approved_seed,85.0,0.85,unknown,needs_review,0,1,2026-06-11T00:20:04Z
244,loancare bbb,loancare bbb,bbb,bbb,cfpb_complaint,approved_seed,"LoanCare, LLC",cfpb_complaint,approved_seed,85.0,0.85,unknown,needs_review,0,1,2026-06-11T00:20:04Z
243,loancare complaints,loancare complaints,complaints,complaints,cfpb_complaint,approved_seed,"LoanCare, LLC",cfpb_complaint,approved_seed,85.0,0.85,unknown,needs_review,0,1,2026-06-11T00:20:04Z
245,loancare phone number,loancare phone number,phone_number,phone_number,cfpb_complaint,approved_seed,"LoanCare, LLC",cfpb_complaint,approved_seed,85.0,0.85,unknown,needs_review,0,1,2026-06-11T00:20:04Z
242,loancare reviews,loancare reviews,reviews,reviews,cfpb_complaint,approved_seed,"LoanCare, LLC",cfpb_complaint,approved_seed,85.0,0.85,unknown,needs_review,0,1,2026-06-11T00:20:04Z
277,westlake services,westlake services,brand,brand,cfpb_complaint,approved_seed,"Westlake Services, LLC",cfpb_complaint,approved_seed,85.0,0.85,unknown,needs_review,0,1,2026-06-11T00:20:04Z
282,westlake services alternative,westlake services alternative,alternative,alternative,cfpb_complaint,approved_seed,"Westlake Services, LLC",cfpb_complaint,approved_seed,85.0,0.85,unknown,needs_review,0,1,2026-06-11T00:20:04Z
280,westlake services bbb,westlake services bbb,bbb,bbb,cfpb_complaint,approved_seed,"Westlake Services, LLC",cfpb_complaint,approved_seed,85.0,0.85,unknown,needs_review,0,1,2026-06-11T00:20:04Z
279,westlake services complaints,westlake services complaints,complaints,complaints,cfpb_complaint,approved_seed,"Westlake Services, LLC",cfpb_complaint,approved_seed,85.0,0.85,unknown,needs_review,0,1,2026-06-11T00:20:04Z
281,westlake services phone number,westlake services phone number,phone_number,phone_number,cfpb_complaint,approved_seed,"Westlake Services, LLC",cfpb_complaint,approved_seed,85.0,0.85,unknown,needs_review,0,1,2026-06-11T00:20:04Z
278,westlake services reviews,westlake services reviews,reviews,reviews,cfpb_complaint,approved_seed,"Westlake Services, LLC",cfpb_complaint,approved_seed,85.0,0.85,unknown,needs_review,0,1,2026-06-11T00:20:04Z
79,bank of america national association,bank of america national association,brand,brand,cfpb_complaint,new,"BANK OF AMERICA, NATIONAL ASSOCIATION",cfpb_complaint,new,84.43,0.8443,unknown,needs_review,0,1,2026-06-11T00:20:04Z
84,bank of america national association alternative,bank of america national association alternative,alternative,alternative,cfpb_complaint,new,"BANK OF AMERICA, NATIONAL ASSOCIATION",cfpb_complaint,new,84.43,0.8443,unknown,needs_review,0,1,2026-06-11T00:20:04Z
82,bank of america national association bbb,bank of america national association bbb,bbb,bbb,cfpb_complaint,new,"BANK OF AMERICA, NATIONAL ASSOCIATION",cfpb_complaint,new,84.43,0.8443,unknown,needs_review,0,1,2026-06-11T00:20:04Z
81,bank of america national association complaints,bank of america national association complaints,complaints,complaints,cfpb_complaint,new,"BANK OF AMERICA, NATIONAL ASSOCIATION",cfpb_complaint,new,84.43,0.8443,unknown,needs_review,0,1,2026-06-11T00:20:04Z
83,bank of america national association phone number,bank of america national association phone number,phone_number,phone_number,cfpb_complaint,new,"BANK OF AMERICA, NATIONAL ASSOCIATION",cfpb_complaint,new,84.43,0.8443,unknown,needs_review,0,1,2026-06-11T00:20:04Z
80,bank of america national association reviews,bank of america national association reviews,reviews,reviews,cfpb_complaint,new,"BANK OF AMERICA, NATIONAL ASSOCIATION",cfpb_complaint,new,84.43,0.8443,unknown,needs_review,0,1,2026-06-11T00:20:04Z
73,navy federal credit union,navy federal credit union,brand,brand,cfpb_complaint,new,NAVY FEDERAL CREDIT UNION,cfpb_complaint,new,84.43,0.8443,unknown,needs_review,0,1,2026-06-11T00:20:04Z
78,navy federal credit union alternative,navy federal credit union alternative,alternative,alternative,cfpb_complaint,new,NAVY FEDERAL CREDIT UNION,cfpb_complaint,new,84.43,0.8443,unknown,needs_review,0,1,2026-06-11T00:20:04Z
76,navy federal credit union bbb,navy federal credit union bbb,bbb,bbb,cfpb_complaint,new,NAVY FEDERAL CREDIT UNION,cfpb_complaint,new,84.43,0.8443,unknown,needs_review,0,1,2026-06-11T00:20:04Z
75,navy federal credit union complaints,navy federal credit union complaints,complaints,complaints,cfpb_complaint,new,NAVY FEDERAL CREDIT UNION,cfpb_complaint,new,84.43,0.8443,unknown,needs_review,0,1,2026-06-11T00:20:04Z
77,navy federal credit union phone number,navy federal credit union phone number,phone_number,phone_number,cfpb_complaint,new,NAVY FEDERAL CREDIT UNION,cfpb_complaint,new,84.43,0.8443,unknown,needs_review,0,1,2026-06-11T00:20:04Z
74,navy federal credit union reviews,navy federal credit union reviews,reviews,reviews,cfpb_complaint,new,NAVY FEDERAL CREDIT UNION,cfpb_complaint,new,84.43,0.8443,unknown,needs_review,0,1,2026-06-11T00:20:04Z
109,td bank us holding,td bank us holding,brand,brand,cfpb_complaint,new,TD BANK US HOLDING COMPANY,cfpb_complaint,new,84.43,0.8443,unknown,needs_review,0,1,2026-06-11T00:20:04Z
114,td bank us holding alternative,td bank us holding alternative,alternative,alternative,cfpb_complaint,new,TD BANK US HOLDING COMPANY,cfpb_complaint,new,84.43,0.8443,unknown,needs_review,0,1,2026-06-11T00:20:04Z
112,td bank us holding bbb,td bank us holding bbb,bbb,bbb,cfpb_complaint,new,TD BANK US HOLDING COMPANY,cfpb_complaint,new,84.43,0.8443,unknown,needs_review,0,1,2026-06-11T00:20:04Z
111,td bank us holding complaints,td bank us holding complaints,complaints,complaints,cfpb_complaint,new,TD BANK US HOLDING COMPANY,cfpb_complaint,new,84.43,0.8443,unknown,needs_review,0,1,2026-06-11T00:20:04Z
113,td bank us holding phone number,td bank us holding phone number,phone_number,phone_number,cfpb_complaint,new,TD BANK US HOLDING COMPANY,cfpb_complaint,new,84.43,0.8443,unknown,needs_review,0,1,2026-06-11T00:20:04Z
110,td bank us holding reviews,td bank us holding reviews,reviews,reviews,cfpb_complaint,new,TD BANK US HOLDING COMPANY,cfpb_complaint,new,84.43,0.8443,unknown,needs_review,0,1,2026-06-11T00:20:04Z
139,discover bank,discover bank,brand,brand,cfpb_complaint,new,DISCOVER BANK,cfpb_complaint,new,84.0,0.84,unknown,needs_review,0,1,2026-06-11T00:20:04Z
144,discover bank alternative,discover bank alternative,alternative,alternative,cfpb_complaint,new,DISCOVER BANK,cfpb_complaint,new,84.0,0.84,unknown,needs_review,0,1,2026-06-11T00:20:04Z
142,discover bank bbb,discover bank bbb,bbb,bbb,cfpb_complaint,new,DISCOVER BANK,cfpb_complaint,new,84.0,0.84,unknown,needs_review,0,1,2026-06-11T00:20:04Z
141,discover bank complaints,discover bank complaints,complaints,complaints,cfpb_complaint,new,DISCOVER BANK,cfpb_complaint,new,84.0,0.84,unknown,needs_review,0,1,2026-06-11T00:20:04Z
143,discover bank phone number,discover bank phone number,phone_number,phone_number,cfpb_complaint,new,DISCOVER BANK,cfpb_complaint,new,84.0,0.84,unknown,needs_review,0,1,2026-06-11T00:20:04Z
140,discover bank reviews,discover bank reviews,reviews,reviews,cfpb_complaint,new,DISCOVER BANK,cfpb_complaint,new,84.0,0.84,unknown,needs_review,0,1,2026-06-11T00:20:04Z
253,ocwen financial,ocwen financial,brand,brand,cfpb_complaint,new,Ocwen Financial Corporation,cfpb_complaint,new,84.0,0.84,unknown,needs_review,0,1,2026-06-11T00:20:04Z
258,ocwen financial alternative,ocwen financial alternative,alternative,alternative,cfpb_complaint,new,Ocwen Financial Corporation,cfpb_complaint,new,84.0,0.84,unknown,needs_review,0,1,2026-06-11T00:20:04Z
256,ocwen financial bbb,ocwen financial bbb,bbb,bbb,cfpb_complaint,new,Ocwen Financial Corporation,cfpb_complaint,new,84.0,0.84,unknown,needs_review,0,1,2026-06-11T00:20:04Z
255,ocwen financial complaints,ocwen financial complaints,complaints,complaints,cfpb_complaint,new,Ocwen Financial Corporation,cfpb_complaint,new,84.0,0.84,unknown,needs_review,0,1,2026-06-11T00:20:04Z
257,ocwen financial phone number,ocwen financial phone number,phone_number,phone_number,cfpb_complaint,new,Ocwen Financial Corporation,cfpb_complaint,new,84.0,0.84,unknown,needs_review,0,1,2026-06-11T00:20:04Z
254,ocwen financial reviews,ocwen financial reviews,reviews,reviews,cfpb_complaint,new,Ocwen Financial Corporation,cfpb_complaint,new,84.0,0.84,unknown,needs_review,0,1,2026-06-11T00:20:04Z
373,transferwise,transferwise,brand,brand,cfpb_complaint,new,TransferWise Ltd,cfpb_complaint,new,84.0,0.84,unknown,needs_review,0,1,2026-06-11T00:20:04Z
378,transferwise alternative,transferwise alternative,alternative,alternative,cfpb_complaint,new,TransferWise Ltd,cfpb_complaint,new,84.0,0.84,unknown,needs_review,0,1,2026-06-11T00:20:04Z
376,transferwise bbb,transferwise bbb,bbb,bbb,cfpb_complaint,new,TransferWise Ltd,cfpb_complaint,new,84.0,0.84,unknown,needs_review,0,1,2026-06-11T00:20:04Z
375,transferwise complaints,transferwise complaints,complaints,complaints,cfpb_complaint,new,TransferWise Ltd,cfpb_complaint,new,84.0,0.84,unknown,needs_review,0,1,2026-06-11T00:20:04Z
377,transferwise phone number,transferwise phone number,phone_number,phone_number,cfpb_complaint,new,TransferWise Ltd,cfpb_complaint,new,84.0,0.84,unknown,needs_review,0,1,2026-06-11T00:20:04Z
374,transferwise reviews,transferwise reviews,reviews,reviews,cfpb_complaint,new,TransferWise Ltd,cfpb_complaint,new,84.0,0.84,unknown,needs_review,0,1,2026-06-11T00:20:04Z
229,truist financial,truist financial,brand,brand,cfpb_complaint,new,TRUIST FINANCIAL CORPORATION,cfpb_complaint,new,84.0,0.84,unknown,needs_review,0,1,2026-06-11T00:20:04Z
234,truist financial alternative,truist financial alternative,alternative,alternative,cfpb_complaint,new,TRUIST FINANCIAL CORPORATION,cfpb_complaint,new,84.0,0.84,unknown,needs_review,0,1,2026-06-11T00:20:04Z
232,truist financial bbb,truist financial bbb,bbb,bbb,cfpb_complaint,new,TRUIST FINANCIAL CORPORATION,cfpb_complaint,new,84.0,0.84,unknown,needs_review,0,1,2026-06-11T00:20:04Z
231,truist financial complaints,truist financial complaints,complaints,complaints,cfpb_complaint,new,TRUIST FINANCIAL CORPORATION,cfpb_complaint,new,84.0,0.84,unknown,needs_review,0,1,2026-06-11T00:20:04Z
233,truist financial phone number,truist financial phone number,phone_number,phone_number,cfpb_complaint,new,TRUIST FINANCIAL CORPORATION,cfpb_complaint,new,84.0,0.84,unknown,needs_review,0,1,2026-06-11T00:20:04Z
230,truist financial reviews,truist financial reviews,reviews,reviews,cfpb_complaint,new,TRUIST FINANCIAL CORPORATION,cfpb_complaint,new,84.0,0.84,unknown,needs_review,0,1,2026-06-11T00:20:04Z
175,united services automobile association,united services automobile association,brand,brand,cfpb_complaint,new,UNITED SERVICES AUTOMOBILE ASSOCIATION,cfpb_complaint,new,84.0,0.84,unknown,needs_review,0,1,2026-06-11T00:20:04Z
180,united services automobile association alternative,united services automobile association alternative,alternative,alternative,cfpb_complaint,new,UNITED SERVICES AUTOMOBILE ASSOCIATION,cfpb_complaint,new,84.0,0.84,unknown,needs_review,0,1,2026-06-11T00:20:04Z
178,united services automobile association bbb,united services automobile association bbb,bbb,bbb,cfpb_complaint,new,UNITED SERVICES AUTOMOBILE ASSOCIATION,cfpb_complaint,new,84.0,0.84,unknown,needs_review,0,1,2026-06-11T00:20:04Z
177,united services automobile association complaints,united services automobile association complaints,complaints,complaints,cfpb_complaint,new,UNITED SERVICES AUTOMOBILE ASSOCIATION,cfpb_complaint,new,84.0,0.84,unknown,needs_review,0,1,2026-06-11T00:20:04Z
179,united services automobile association phone number,united services automobile association phone number,phone_number,phone_number,cfpb_complaint,new,UNITED SERVICES AUTOMOBILE ASSOCIATION,cfpb_complaint,new,84.0,0.84,unknown,needs_review,0,1,2026-06-11T00:20:04Z
176,united services automobile association reviews,united services automobile association reviews,reviews,reviews,cfpb_complaint,new,UNITED SERVICES AUTOMOBILE ASSOCIATION,cfpb_complaint,new,84.0,0.84,unknown,needs_review,0,1,2026-06-11T00:20:04Z
415,bmo bank national association,bmo bank national association,brand,brand,cfpb_complaint,new,BMO BANK NATIONAL ASSOCIATION,cfpb_complaint,new,83.4,0.834,unknown,needs_review,0,1,2026-06-11T00:20:04Z
420,bmo bank national association alternative,bmo bank national association alternative,alternative,alternative,cfpb_complaint,new,BMO BANK NATIONAL ASSOCIATION,cfpb_complaint,new,83.4,0.834,unknown,needs_review,0,1,2026-06-11T00:20:04Z
418,bmo bank national association bbb,bmo bank national association bbb,bbb,bbb,cfpb_complaint,new,BMO BANK NATIONAL ASSOCIATION,cfpb_complaint,new,83.4,0.834,unknown,needs_review,0,1,2026-06-11T00:20:04Z
417,bmo bank national association complaints,bmo bank national association complaints,complaints,complaints,cfpb_complaint,new,BMO BANK NATIONAL ASSOCIATION,cfpb_complaint,new,83.4,0.834,unknown,needs_review,0,1,2026-06-11T00:20:04Z
419,bmo bank national association phone number,bmo bank national association phone number,phone_number,phone_number,cfpb_complaint,new,BMO BANK NATIONAL ASSOCIATION,cfpb_complaint,new,83.4,0.834,unknown,needs_review,0,1,2026-06-11T00:20:04Z
416,bmo bank national association reviews,bmo bank national association reviews,reviews,reviews,cfpb_complaint,new,BMO BANK NATIONAL ASSOCIATION,cfpb_complaint,new,83.4,0.834,unknown,needs_review,0,1,2026-06-11T00:20:04Z
409,pnc bank n a,pnc bank n a,brand,brand,cfpb_complaint,new,PNC Bank N.A.,cfpb_complaint,new,83.4,0.834,unknown,needs_review,0,1,2026-06-11T00:20:04Z
414,pnc bank n a alternative,pnc bank n a alternative,alternative,alternative,cfpb_complaint,new,PNC Bank N.A.,cfpb_complaint,new,83.4,0.834,unknown,needs_review,0,1,2026-06-11T00:20:04Z
412,pnc bank n a bbb,pnc bank n a bbb,bbb,bbb,cfpb_complaint,new,PNC Bank N.A.,cfpb_complaint,new,83.4,0.834,unknown,needs_review,0,1,2026-06-11T00:20:04Z
411,pnc bank n a complaints,pnc bank n a complaints,complaints,complaints,cfpb_complaint,new,PNC Bank N.A.,cfpb_complaint,new,83.4,0.834,unknown,needs_review,0,1,2026-06-11T00:20:04Z
413,pnc bank n a phone number,pnc bank n a phone number,phone_number,phone_number,cfpb_complaint,new,PNC Bank N.A.,cfpb_complaint,new,83.4,0.834,unknown,needs_review,0,1,2026-06-11T00:20:04Z
410,pnc bank n a reviews,pnc bank n a reviews,reviews,reviews,cfpb_complaint,new,PNC Bank N.A.,cfpb_complaint,new,83.4,0.834,unknown,needs_review,0,1,2026-06-11T00:20:04Z
151,synchrony financial,synchrony financial,brand,brand,cfpb_complaint,new,SYNCHRONY FINANCIAL,cfpb_complaint,new,83.4,0.834,unknown,needs_review,0,1,2026-06-11T00:20:04Z
156,synchrony financial alternative,synchrony financial alternative,alternative,alternative,cfpb_complaint,new,SYNCHRONY FINANCIAL,cfpb_complaint,new,83.4,0.834,unknown,needs_review,0,1,2026-06-11T00:20:04Z
154,synchrony financial bbb,synchrony financial bbb,bbb,bbb,cfpb_complaint,new,SYNCHRONY FINANCIAL,cfpb_complaint,new,83.4,0.834,unknown,needs_review,0,1,2026-06-11T00:20:04Z
153,synchrony financial complaints,synchrony financial complaints,complaints,complaints,cfpb_complaint,new,SYNCHRONY FINANCIAL,cfpb_complaint,new,83.4,0.834,unknown,needs_review,0,1,2026-06-11T00:20:04Z
155,synchrony financial phone number,synchrony financial phone number,phone_number,phone_number,cfpb_complaint,new,SYNCHRONY FINANCIAL,cfpb_complaint,new,83.4,0.834,unknown,needs_review,0,1,2026-06-11T00:20:04Z
152,synchrony financial reviews,synchrony financial reviews,reviews,reviews,cfpb_complaint,new,SYNCHRONY FINANCIAL,cfpb_complaint,new,83.4,0.834,unknown,needs_review,0,1,2026-06-11T00:20:04Z
337,american credit acceptance,american credit acceptance,brand,brand,cfpb_complaint,new,"American Credit Acceptance, LLC",cfpb_complaint,new,83.0,0.83,unknown,needs_review,0,1,2026-06-11T00:20:04Z
342,american credit acceptance alternative,american credit acceptance alternative,alternative,alternative,cfpb_complaint,new,"American Credit Acceptance, LLC",cfpb_complaint,new,83.0,0.83,unknown,needs_review,0,1,2026-06-11T00:20:04Z
340,american credit acceptance bbb,american credit acceptance bbb,bbb,bbb,cfpb_complaint,new,"American Credit Acceptance, LLC",cfpb_complaint,new,83.0,0.83,unknown,needs_review,0,1,2026-06-11T00:20:04Z
339,american credit acceptance complaints,american credit acceptance complaints,complaints,complaints,cfpb_complaint,new,"American Credit Acceptance, LLC",cfpb_complaint,new,83.0,0.83,unknown,needs_review,0,1,2026-06-11T00:20:04Z
341,american credit acceptance phone number,american credit acceptance phone number,phone_number,phone_number,cfpb_complaint,new,"American Credit Acceptance, LLC",cfpb_complaint,new,83.0,0.83,unknown,needs_review,0,1,2026-06-11T00:20:04Z
338,american credit acceptance reviews,american credit acceptance reviews,reviews,reviews,cfpb_complaint,new,"American Credit Acceptance, LLC",cfpb_complaint,new,83.0,0.83,unknown,needs_review,0,1,2026-06-11T00:20:04Z
391,early warning services,early warning services,brand,brand,cfpb_complaint,new,"Early Warning Services, LLC",cfpb_complaint,new,83.0,0.83,unknown,needs_review,0,1,2026-06-11T00:20:04Z
396,early warning services alternative,early warning services alternative,alternative,alternative,cfpb_complaint,new,"Early Warning Services, LLC",cfpb_complaint,new,83.0,0.83,unknown,needs_review,0,1,2026-06-11T00:20:04Z
394,early warning services bbb,early warning services bbb,bbb,bbb,cfpb_complaint,new,"Early Warning Services, LLC",cfpb_complaint,new,83.0,0.83,unknown,needs_review,0,1,2026-06-11T00:20:04Z
393,early warning services complaints,early warning services complaints,complaints,complaints,cfpb_complaint,new,"Early Warning Services, LLC",cfpb_complaint,new,83.0,0.83,unknown,needs_review,0,1,2026-06-11T00:20:04Z
395,early warning services phone number,early warning services phone number,phone_number,phone_number,cfpb_complaint,new,"Early Warning Services, LLC",cfpb_complaint,new,83.0,0.83,unknown,needs_review,0,1,2026-06-11T00:20:04Z
392,early warning services reviews,early warning services reviews,reviews,reviews,cfpb_complaint,new,"Early Warning Services, LLC",cfpb_complaint,new,83.0,0.83,unknown,needs_review,0,1,2026-06-11T00:20:04Z
67,national credit systems,national credit systems,brand,brand,cfpb_complaint,new,"National Credit Systems,Inc.",cfpb_complaint,new,82.0,0.82,unknown,needs_review,0,1,2026-06-11T00:20:04Z
72,national credit systems alternative,national credit systems alternative,alternative,alternative,cfpb_complaint,new,"National Credit Systems,Inc.",cfpb_complaint,new,82.0,0.82,unknown,needs_review,0,1,2026-06-11T00:20:04Z
70,national credit systems bbb,national credit systems bbb,bbb,bbb,cfpb_complaint,new,"National Credit Systems,Inc.",cfpb_complaint,new,82.0,0.82,unknown,needs_review,0,1,2026-06-11T00:20:04Z
69,national credit systems complaints,national credit systems complaints,complaints,complaints,cfpb_complaint,new,"National Credit Systems,Inc.",cfpb_complaint,new,82.0,0.82,unknown,needs_review,0,1,2026-06-11T00:20:04Z
71,national credit systems phone number,national credit systems phone number,phone_number,phone_number,cfpb_complaint,new,"National Credit Systems,Inc.",cfpb_complaint,new,82.0,0.82,unknown,needs_review,0,1,2026-06-11T00:20:04Z
68,national credit systems reviews,national credit systems reviews,reviews,reviews,cfpb_complaint,new,"National Credit Systems,Inc.",cfpb_complaint,new,82.0,0.82,unknown,needs_review,0,1,2026-06-11T00:20:04Z
307,toyota motor credit,toyota motor credit,brand,brand,cfpb_complaint,new,TOYOTA MOTOR CREDIT CORPORATION,cfpb_complaint,new,82.0,0.82,unknown,needs_review,0,1,2026-06-11T00:20:04Z
312,toyota motor credit alternative,toyota motor credit alternative,alternative,alternative,cfpb_complaint,new,TOYOTA MOTOR CREDIT CORPORATION,cfpb_complaint,new,82.0,0.82,unknown,needs_review,0,1,2026-06-11T00:20:04Z
310,toyota motor credit bbb,toyota motor credit bbb,bbb,bbb,cfpb_complaint,new,TOYOTA MOTOR CREDIT CORPORATION,cfpb_complaint,new,82.0,0.82,unknown,needs_review,0,1,2026-06-11T00:20:04Z
309,toyota motor credit complaints,toyota motor credit complaints,complaints,complaints,cfpb_complaint,new,TOYOTA MOTOR CREDIT CORPORATION,cfpb_complaint,new,82.0,0.82,unknown,needs_review,0,1,2026-06-11T00:20:04Z
311,toyota motor credit phone number,toyota motor credit phone number,phone_number,phone_number,cfpb_complaint,new,TOYOTA MOTOR CREDIT CORPORATION,cfpb_complaint,new,82.0,0.82,unknown,needs_review,0,1,2026-06-11T00:20:04Z
308,toyota motor credit reviews,toyota motor credit reviews,reviews,reviews,cfpb_complaint,new,TOYOTA MOTOR CREDIT CORPORATION,cfpb_complaint,new,82.0,0.82,unknown,needs_review,0,1,2026-06-11T00:20:04Z
103,goldman sachs bank usa,goldman sachs bank usa,brand,brand,cfpb_complaint,new,GOLDMAN SACHS BANK USA,cfpb_complaint,new,81.0,0.81,unknown,needs_review,0,1,2026-06-11T00:20:04Z
108,goldman sachs bank usa alternative,goldman sachs bank usa alternative,alternative,alternative,cfpb_complaint,new,GOLDMAN SACHS BANK USA,cfpb_complaint,new,81.0,0.81,unknown,needs_review,0,1,2026-06-11T00:20:04Z
106,goldman sachs bank usa bbb,goldman sachs bank usa bbb,bbb,bbb,cfpb_complaint,new,GOLDMAN SACHS BANK USA,cfpb_complaint,new,81.0,0.81,unknown,needs_review,0,1,2026-06-11T00:20:04Z
105,goldman sachs bank usa complaints,goldman sachs bank usa complaints,complaints,complaints,cfpb_complaint,new,GOLDMAN SACHS BANK USA,cfpb_complaint,new,81.0,0.81,unknown,needs_review,0,1,2026-06-11T00:20:04Z
107,goldman sachs bank usa phone number,goldman sachs bank usa phone number,phone_number,phone_number,cfpb_complaint,new,GOLDMAN SACHS BANK USA,cfpb_complaint,new,81.0,0.81,unknown,needs_review,0,1,2026-06-11T00:20:04Z
104,goldman sachs bank usa reviews,goldman sachs bank usa reviews,reviews,reviews,cfpb_complaint,new,GOLDMAN SACHS BANK USA,cfpb_complaint,new,81.0,0.81,unknown,needs_review,0,1,2026-06-11T00:20:04Z
211,selene,selene,brand,brand,cfpb_complaint,new,Selene Holdings LLC,cfpb_complaint,new,81.0,0.81,unknown,needs_review,0,1,2026-06-11T00:20:04Z
216,selene alternative,selene alternative,alternative,alternative,cfpb_complaint,new,Selene Holdings LLC,cfpb_complaint,new,81.0,0.81,unknown,needs_review,0,1,2026-06-11T00:20:04Z
214,selene bbb,selene bbb,bbb,bbb,cfpb_complaint,new,Selene Holdings LLC,cfpb_complaint,new,81.0,0.81,unknown,needs_review,0,1,2026-06-11T00:20:04Z
213,selene complaints,selene complaints,complaints,complaints,cfpb_complaint,new,Selene Holdings LLC,cfpb_complaint,new,81.0,0.81,unknown,needs_review,0,1,2026-06-11T00:20:04Z
215,selene phone number,selene phone number,phone_number,phone_number,cfpb_complaint,new,Selene Holdings LLC,cfpb_complaint,new,81.0,0.81,unknown,needs_review,0,1,2026-06-11T00:20:04Z
212,selene reviews,selene reviews,reviews,reviews,cfpb_complaint,new,Selene Holdings LLC,cfpb_complaint,new,81.0,0.81,unknown,needs_review,0,1,2026-06-11T00:20:04Z
271,general motors financial,general motors financial,brand,brand,cfpb_complaint,new,"General Motors Financial Company, Inc.",cfpb_complaint,new,80.0,0.8,unknown,needs_review,0,1,2026-06-11T00:20:04Z
276,general motors financial alternative,general motors financial alternative,alternative,alternative,cfpb_complaint,new,"General Motors Financial Company, Inc.",cfpb_complaint,new,80.0,0.8,unknown,needs_review,0,1,2026-06-11T00:20:04Z
274,general motors financial bbb,general motors financial bbb,bbb,bbb,cfpb_complaint,new,"General Motors Financial Company, Inc.",cfpb_complaint,new,80.0,0.8,unknown,needs_review,0,1,2026-06-11T00:20:04Z
273,general motors financial complaints,general motors financial complaints,complaints,complaints,cfpb_complaint,new,"General Motors Financial Company, Inc.",cfpb_complaint,new,80.0,0.8,unknown,needs_review,0,1,2026-06-11T00:20:04Z
275,general motors financial phone number,general motors financial phone number,phone_number,phone_number,cfpb_complaint,new,"General Motors Financial Company, Inc.",cfpb_complaint,new,80.0,0.8,unknown,needs_review,0,1,2026-06-11T00:20:04Z
272,general motors financial reviews,general motors financial reviews,reviews,reviews,cfpb_complaint,new,"General Motors Financial Company, Inc.",cfpb_complaint,new,80.0,0.8,unknown,needs_review,0,1,2026-06-11T00:20:04Z
427,citizens financial,citizens financial,brand,brand,cfpb_complaint,new,"CITIZENS FINANCIAL GROUP, INC.",cfpb_complaint,new,79.0,0.79,unknown,needs_review,0,1,2026-06-11T00:20:04Z
432,citizens financial alternative,citizens financial alternative,alternative,alternative,cfpb_complaint,new,"CITIZENS FINANCIAL GROUP, INC.",cfpb_complaint,new,79.0,0.79,unknown,needs_review,0,1,2026-06-11T00:20:04Z
430,citizens financial bbb,citizens financial bbb,bbb,bbb,cfpb_complaint,new,"CITIZENS FINANCIAL GROUP, INC.",cfpb_complaint,new,79.0,0.79,unknown,needs_review,0,1,2026-06-11T00:20:04Z
429,citizens financial complaints,citizens financial complaints,complaints,complaints,cfpb_complaint,new,"CITIZENS FINANCIAL GROUP, INC.",cfpb_complaint,new,79.0,0.79,unknown,needs_review,0,1,2026-06-11T00:20:04Z
431,citizens financial phone number,citizens financial phone number,phone_number,phone_number,cfpb_complaint,new,"CITIZENS FINANCIAL GROUP, INC.",cfpb_complaint,new,79.0,0.79,unknown,needs_review,0,1,2026-06-11T00:20:04Z
428,citizens financial reviews,citizens financial reviews,reviews,reviews,cfpb_complaint,new,"CITIZENS FINANCIAL GROUP, INC.",cfpb_complaint,new,79.0,0.79,unknown,needs_review,0,1,2026-06-11T00:20:04Z
397,foris dax,foris dax,brand,brand,cfpb_complaint,new,"Foris DAX, Inc.",cfpb_complaint,new,79.0,0.79,unknown,needs_review,0,1,2026-06-11T00:20:04Z
402,foris dax alternative,foris dax alternative,alternative,alternative,cfpb_complaint,new,"Foris DAX, Inc.",cfpb_complaint,new,79.0,0.79,unknown,needs_review,0,1,2026-06-11T00:20:04Z
400,foris dax bbb,foris dax bbb,bbb,bbb,cfpb_complaint,new,"Foris DAX, Inc.",cfpb_complaint,new,79.0,0.79,unknown,needs_review,0,1,2026-06-11T00:20:04Z
399,foris dax complaints,foris dax complaints,complaints,complaints,cfpb_complaint,new,"Foris DAX, Inc.",cfpb_complaint,new,79.0,0.79,unknown,needs_review,0,1,2026-06-11T00:20:04Z
401,foris dax phone number,foris dax phone number,phone_number,phone_number,cfpb_complaint,new,"Foris DAX, Inc.",cfpb_complaint,new,79.0,0.79,unknown,needs_review,0,1,2026-06-11T00:20:04Z
398,foris dax reviews,foris dax reviews,reviews,reviews,cfpb_complaint,new,"Foris DAX, Inc.",cfpb_complaint,new,79.0,0.79,unknown,needs_review,0,1,2026-06-11T00:20:04Z
97,pennymac loan services,pennymac loan services,brand,brand,cfpb_complaint,new,"PENNYMAC LOAN SERVICES, LLC.",cfpb_complaint,new,79.0,0.79,unknown,needs_review,0,1,2026-06-11T00:20:04Z
102,pennymac loan services alternative,pennymac loan services alternative,alternative,alternative,cfpb_complaint,new,"PENNYMAC LOAN SERVICES, LLC.",cfpb_complaint,new,79.0,0.79,unknown,needs_review,0,1,2026-06-11T00:20:04Z
100,pennymac loan services bbb,pennymac loan services bbb,bbb,bbb,cfpb_complaint,new,"PENNYMAC LOAN SERVICES, LLC.",cfpb_complaint,new,79.0,0.79,unknown,needs_review,0,1,2026-06-11T00:20:04Z
99,pennymac loan services complaints,pennymac loan services complaints,complaints,complaints,cfpb_complaint,new,"PENNYMAC LOAN SERVICES, LLC.",cfpb_complaint,new,79.0,0.79,unknown,needs_review,0,1,2026-06-11T00:20:04Z
101,pennymac loan services phone number,pennymac loan services phone number,phone_number,phone_number,cfpb_complaint,new,"PENNYMAC LOAN SERVICES, LLC.",cfpb_complaint,new,79.0,0.79,unknown,needs_review,0,1,2026-06-11T00:20:04Z
98,pennymac loan services reviews,pennymac loan services reviews,reviews,reviews,cfpb_complaint,new,"PENNYMAC LOAN SERVICES, LLC.",cfpb_complaint,new,79.0,0.79,unknown,needs_review,0,1,2026-06-11T00:20:04Z
163,barclays bank delaware,barclays bank delaware,brand,brand,cfpb_complaint,new,BARCLAYS BANK DELAWARE,cfpb_complaint,new,78.4,0.784,unknown,needs_review,0,1,2026-06-11T00:20:04Z
168,barclays bank delaware alternative,barclays bank delaware alternative,alternative,alternative,cfpb_complaint,new,BARCLAYS BANK DELAWARE,cfpb_complaint,new,78.4,0.784,unknown,needs_review,0,1,2026-06-11T00:20:04Z
166,barclays bank delaware bbb,barclays bank delaware bbb,bbb,bbb,cfpb_complaint,new,BARCLAYS BANK DELAWARE,cfpb_complaint,new,78.4,0.784,unknown,needs_review,0,1,2026-06-11T00:20:04Z
165,barclays bank delaware complaints,barclays bank delaware complaints,complaints,complaints,cfpb_complaint,new,BARCLAYS BANK DELAWARE,cfpb_complaint,new,78.4,0.784,unknown,needs_review,0,1,2026-06-11T00:20:04Z
167,barclays bank delaware phone number,barclays bank delaware phone number,phone_number,phone_number,cfpb_complaint,new,BARCLAYS BANK DELAWARE,cfpb_complaint,new,78.4,0.784,unknown,needs_review,0,1,2026-06-11T00:20:04Z
164,barclays bank delaware reviews,barclays bank delaware reviews,reviews,reviews,cfpb_complaint,new,BARCLAYS BANK DELAWARE,cfpb_complaint,new,78.4,0.784,unknown,needs_review,0,1,2026-06-11T00:20:04Z
265,ld,ld,brand,brand,cfpb_complaint,new,"LD Holdings Group, LLC",cfpb_complaint,new,78.0,0.78,unknown,needs_review,0,1,2026-06-11T00:20:04Z
270,ld alternative,ld alternative,alternative,alternative,cfpb_complaint,new,"LD Holdings Group, LLC",cfpb_complaint,new,78.0,0.78,unknown,needs_review,0,1,2026-06-11T00:20:04Z
268,ld bbb,ld bbb,bbb,bbb,cfpb_complaint,new,"LD Holdings Group, LLC",cfpb_complaint,new,78.0,0.78,unknown,needs_review,0,1,2026-06-11T00:20:04Z
267,ld complaints,ld complaints,complaints,complaints,cfpb_complaint,new,"LD Holdings Group, LLC",cfpb_complaint,new,78.0,0.78,unknown,needs_review,0,1,2026-06-11T00:20:04Z
269,ld phone number,ld phone number,phone_number,phone_number,cfpb_complaint,new,"LD Holdings Group, LLC",cfpb_complaint,new,78.0,0.78,unknown,needs_review,0,1,2026-06-11T00:20:04Z
266,ld reviews,ld reviews,reviews,reviews,cfpb_complaint,new,"LD Holdings Group, LLC",cfpb_complaint,new,78.0,0.78,unknown,needs_review,0,1,2026-06-11T00:20:04Z
235,bsi financial,bsi financial,brand,brand,cfpb_complaint,new,"BSI Financial Holdings, Inc.",cfpb_complaint,new,77.0,0.77,unknown,needs_review,0,1,2026-06-11T00:20:04Z
240,bsi financial alternative,bsi financial alternative,alternative,alternative,cfpb_complaint,new,"BSI Financial Holdings, Inc.",cfpb_complaint,new,77.0,0.77,unknown,needs_review,0,1,2026-06-11T00:20:04Z
238,bsi financial bbb,bsi financial bbb,bbb,bbb,cfpb_complaint,new,"BSI Financial Holdings, Inc.",cfpb_complaint,new,77.0,0.77,unknown,needs_review,0,1,2026-06-11T00:20:04Z
237,bsi financial complaints,bsi financial complaints,complaints,complaints,cfpb_complaint,new,"BSI Financial Holdings, Inc.",cfpb_complaint,new,77.0,0.77,unknown,needs_review,0,1,2026-06-11T00:20:04Z
239,bsi financial phone number,bsi financial phone number,phone_number,phone_number,cfpb_complaint,new,"BSI Financial Holdings, Inc.",cfpb_complaint,new,77.0,0.77,unknown,needs_review,0,1,2026-06-11T00:20:04Z
236,bsi financial reviews,bsi financial reviews,reviews,reviews,cfpb_complaint,new,"BSI Financial Holdings, Inc.",cfpb_complaint,new,77.0,0.77,unknown,needs_review,0,1,2026-06-11T00:20:04Z
247,carrington mortgage services,carrington mortgage services,brand,brand,cfpb_complaint,new,"CARRINGTON MORTGAGE SERVICES, LLC",cfpb_complaint,new,77.0,0.77,unknown,needs_review,0,1,2026-06-11T00:20:04Z
252,carrington mortgage services alternative,carrington mortgage services alternative,alternative,alternative,cfpb_complaint,new,"CARRINGTON MORTGAGE SERVICES, LLC",cfpb_complaint,new,77.0,0.77,unknown,needs_review,0,1,2026-06-11T00:20:04Z
250,carrington mortgage services bbb,carrington mortgage services bbb,bbb,bbb,cfpb_complaint,new,"CARRINGTON MORTGAGE SERVICES, LLC",cfpb_complaint,new,77.0,0.77,unknown,needs_review,0,1,2026-06-11T00:20:04Z
249,carrington mortgage services complaints,carrington mortgage services complaints,complaints,complaints,cfpb_complaint,new,"CARRINGTON MORTGAGE SERVICES, LLC",cfpb_complaint,new,77.0,0.77,unknown,needs_review,0,1,2026-06-11T00:20:04Z
251,carrington mortgage services phone number,carrington mortgage services phone number,phone_number,phone_number,cfpb_complaint,new,"CARRINGTON MORTGAGE SERVICES, LLC",cfpb_complaint,new,77.0,0.77,unknown,needs_review,0,1,2026-06-11T00:20:04Z
248,carrington mortgage services reviews,carrington mortgage services reviews,reviews,reviews,cfpb_complaint,new,"CARRINGTON MORTGAGE SERVICES, LLC",cfpb_complaint,new,77.0,0.77,unknown,needs_review,0,1,2026-06-11T00:20:04Z
325,byrider franchising,byrider franchising,brand,brand,cfpb_complaint,new,"Byrider Franchising, LLC",cfpb_complaint,new,74.0,0.74,unknown,needs_review,0,1,2026-06-11T00:20:04Z
330,byrider franchising alternative,byrider franchising alternative,alternative,alternative,cfpb_complaint,new,"Byrider Franchising, LLC",cfpb_complaint,new,74.0,0.74,unknown,needs_review,0,1,2026-06-11T00:20:04Z
328,byrider franchising bbb,byrider franchising bbb,bbb,bbb,cfpb_complaint,new,"Byrider Franchising, LLC",cfpb_complaint,new,74.0,0.74,unknown,needs_review,0,1,2026-06-11T00:20:04Z
327,byrider franchising complaints,byrider franchising complaints,complaints,complaints,cfpb_complaint,new,"Byrider Franchising, LLC",cfpb_complaint,new,74.0,0.74,unknown,needs_review,0,1,2026-06-11T00:20:04Z
329,byrider franchising phone number,byrider franchising phone number,phone_number,phone_number,cfpb_complaint,new,"Byrider Franchising, LLC",cfpb_complaint,new,74.0,0.74,unknown,needs_review,0,1,2026-06-11T00:20:04Z
326,byrider franchising reviews,byrider franchising reviews,reviews,reviews,cfpb_complaint,new,"Byrider Franchising, LLC",cfpb_complaint,new,74.0,0.74,unknown,needs_review,0,1,2026-06-11T00:20:04Z
433,huntington national bank the,huntington national bank the,brand,brand,cfpb_complaint,new,"HUNTINGTON NATIONAL BANK, THE",cfpb_complaint,new,74.0,0.74,unknown,needs_review,0,1,2026-06-11T00:20:04Z
438,huntington national bank the alternative,huntington national bank the alternative,alternative,alternative,cfpb_complaint,new,"HUNTINGTON NATIONAL BANK, THE",cfpb_complaint,new,74.0,0.74,unknown,needs_review,0,1,2026-06-11T00:20:04Z
436,huntington national bank the bbb,huntington national bank the bbb,bbb,bbb,cfpb_complaint,new,"HUNTINGTON NATIONAL BANK, THE",cfpb_complaint,new,74.0,0.74,unknown,needs_review,0,1,2026-06-11T00:20:04Z
435,huntington national bank the complaints,huntington national bank the complaints,complaints,complaints,cfpb_complaint,new,"HUNTINGTON NATIONAL BANK, THE",cfpb_complaint,new,74.0,0.74,unknown,needs_review,0,1,2026-06-11T00:20:04Z
437,huntington national bank the phone number,huntington national bank the phone number,phone_number,phone_number,cfpb_complaint,new,"HUNTINGTON NATIONAL BANK, THE",cfpb_complaint,new,74.0,0.74,unknown,needs_review,0,1,2026-06-11T00:20:04Z
434,huntington national bank the reviews,huntington national bank the reviews,reviews,reviews,cfpb_complaint,new,"HUNTINGTON NATIONAL BANK, THE",cfpb_complaint,new,74.0,0.74,unknown,needs_review,0,1,2026-06-11T00:20:04Z
421,w&a intermediate,w&a intermediate,brand,brand,cfpb_complaint,new,"W&A Intermediate Co., LLC",cfpb_complaint,new,74.0,0.74,unknown,needs_review,0,1,2026-06-11T00:20:04Z
426,w&a intermediate alternative,w&a intermediate alternative,alternative,alternative,cfpb_complaint,new,"W&A Intermediate Co., LLC",cfpb_complaint,new,74.0,0.74,unknown,needs_review,0,1,2026-06-11T00:20:04Z
424,w&a intermediate bbb,w&a intermediate bbb,bbb,bbb,cfpb_complaint,new,"W&A Intermediate Co., LLC",cfpb_complaint,new,74.0,0.74,unknown,needs_review,0,1,2026-06-11T00:20:04Z
423,w&a intermediate complaints,w&a intermediate complaints,complaints,complaints,cfpb_complaint,new,"W&A Intermediate Co., LLC",cfpb_complaint,new,74.0,0.74,unknown,needs_review,0,1,2026-06-11T00:20:04Z
425,w&a intermediate phone number,w&a intermediate phone number,phone_number,phone_number,cfpb_complaint,new,"W&A Intermediate Co., LLC",cfpb_complaint,new,74.0,0.74,unknown,needs_review,0,1,2026-06-11T00:20:04Z
422,w&a intermediate reviews,w&a intermediate reviews,reviews,reviews,cfpb_complaint,new,"W&A Intermediate Co., LLC",cfpb_complaint,new,74.0,0.74,unknown,needs_review,0,1,2026-06-11T00:20:04Z
319,nissan motor acceptance,nissan motor acceptance,brand,brand,cfpb_complaint,new,NISSAN MOTOR ACCEPTANCE COMPANY LLC,cfpb_complaint,new,73.0,0.73,unknown,needs_review,0,1,2026-06-11T00:20:04Z
324,nissan motor acceptance alternative,nissan motor acceptance alternative,alternative,alternative,cfpb_complaint,new,NISSAN MOTOR ACCEPTANCE COMPANY LLC,cfpb_complaint,new,73.0,0.73,unknown,needs_review,0,1,2026-06-11T00:20:04Z
322,nissan motor acceptance bbb,nissan motor acceptance bbb,bbb,bbb,cfpb_complaint,new,NISSAN MOTOR ACCEPTANCE COMPANY LLC,cfpb_complaint,new,73.0,0.73,unknown,needs_review,0,1,2026-06-11T00:20:04Z
321,nissan motor acceptance complaints,nissan motor acceptance complaints,complaints,complaints,cfpb_complaint,new,NISSAN MOTOR ACCEPTANCE COMPANY LLC,cfpb_complaint,new,73.0,0.73,unknown,needs_review,0,1,2026-06-11T00:20:04Z
323,nissan motor acceptance phone number,nissan motor acceptance phone number,phone_number,phone_number,cfpb_complaint,new,NISSAN MOTOR ACCEPTANCE COMPANY LLC,cfpb_complaint,new,73.0,0.73,unknown,needs_review,0,1,2026-06-11T00:20:04Z
320,nissan motor acceptance reviews,nissan motor acceptance reviews,reviews,reviews,cfpb_complaint,new,NISSAN MOTOR ACCEPTANCE COMPANY LLC,cfpb_complaint,new,73.0,0.73,unknown,needs_review,0,1,2026-06-11T00:20:04Z
355,carmax,carmax,brand,brand,cfpb_complaint,new,"CarMax, Inc.",cfpb_complaint,new,72.0,0.72,unknown,needs_review,0,1,2026-06-11T00:20:04Z
360,carmax alternative,carmax alternative,alternative,alternative,cfpb_complaint,new,"CarMax, Inc.",cfpb_complaint,new,72.0,0.72,unknown,needs_review,0,1,2026-06-11T00:20:04Z
358,carmax bbb,carmax bbb,bbb,bbb,cfpb_complaint,new,"CarMax, Inc.",cfpb_complaint,new,72.0,0.72,unknown,needs_review,0,1,2026-06-11T00:20:04Z
357,carmax complaints,carmax complaints,complaints,complaints,cfpb_complaint,new,"CarMax, Inc.",cfpb_complaint,new,72.0,0.72,unknown,needs_review,0,1,2026-06-11T00:20:04Z
359,carmax phone number,carmax phone number,phone_number,phone_number,cfpb_complaint,new,"CarMax, Inc.",cfpb_complaint,new,72.0,0.72,unknown,needs_review,0,1,2026-06-11T00:20:04Z
356,carmax reviews,carmax reviews,reviews,reviews,cfpb_complaint,new,"CarMax, Inc.",cfpb_complaint,new,72.0,0.72,unknown,needs_review,0,1,2026-06-11T00:20:04Z
301,carvana,carvana,brand,brand,cfpb_complaint,new,"Carvana Group, LLC",cfpb_complaint,new,71.0,0.71,unknown,needs_review,0,1,2026-06-11T00:20:04Z
306,carvana alternative,carvana alternative,alternative,alternative,cfpb_complaint,new,"Carvana Group, LLC",cfpb_complaint,new,71.0,0.71,unknown,needs_review,0,1,2026-06-11T00:20:04Z
304,carvana bbb,carvana bbb,bbb,bbb,cfpb_complaint,new,"Carvana Group, LLC",cfpb_complaint,new,71.0,0.71,unknown,needs_review,0,1,2026-06-11T00:20:04Z
303,carvana complaints,carvana complaints,complaints,complaints,cfpb_complaint,new,"Carvana Group, LLC",cfpb_complaint,new,71.0,0.71,unknown,needs_review,0,1,2026-06-11T00:20:04Z
305,carvana phone number,carvana phone number,phone_number,phone_number,cfpb_complaint,new,"Carvana Group, LLC",cfpb_complaint,new,71.0,0.71,unknown,needs_review,0,1,2026-06-11T00:20:04Z
302,carvana reviews,carvana reviews,reviews,reviews,cfpb_complaint,new,"Carvana Group, LLC",cfpb_complaint,new,71.0,0.71,unknown,needs_review,0,1,2026-06-11T00:20:04Z
