company_name,website,phone,detections,stations,vertical,reason_for_review
PureTalk,connecticutsa.com; ttt.org,2106567873; 25064276; 8009417326,32,klif-am-570; ktrh-am-740; wbap-am-820; woai-am-1200; wsb-am-750; wwtn-fm-997,unknown_general_review,"Legitimate company, non-financial. Optional archive review."
Auto Accident Help Desk,,8007474070; 807474070,24,whbo-1040,unknown_general_review,"Legitimate company, non-financial. Optional archive review."
Mark Spain Real Estate,marksbane.com; markspain.com; markspainrealestate.com; markspane.com,8444843872,23,klif-am-570; wbap-am-820; wsb-am-750; wwtn-fm-997,unknown_general_review,"Legitimate company, non-financial. Optional archive review."
Webroot,"joe-pags.com; joepags.com, webroot.com/slash pags; webroot.com/dana; webroot.com/pags; webroot.com/save; webroot.com/slash dana; webroot.com/slash-dana; webroot.com/slash-pags",8335637247,15,ktrh-am-740; wbap-am-820; wibc-fm-931,unknown_general_review,"Legitimate company, non-financial. Optional archive review."
HealthyLooking.com,"beyondbelief.com, coasttocoastam.com; healthylooking.com",8005633980,15,klif-am-570; ktrh-am-740; wibc-fm-931; woai-am-1200; wsb-am-750,unknown_general_review,"Legitimate company, non-financial. Optional archive review."
Orchard,orchard.com,,14,ktrh-am-740; woai-am-1200,unknown_general_review,"Legitimate company, non-financial. Optional archive review."
Comcast Business,,8720751800932,12,wibc-fm-931; wsb-am-750; wwtn-fm-997,unknown_general_review,"Legitimate company, non-financial. Optional archive review."
Pure Talk,,2505375453,12,klif-am-570; wbap-am-820; woai-am-1200; wsb-am-750; wwtn-fm-997,unknown_general_review,"Legitimate company, non-financial. Optional archive review."
Patriot Mobile,patriot mobile comm slash events; patriot mobile.com/slash dana; patriotmobile.com; patriotmobile.com/beck; patriotmobile.com/slash vince; patriotmobile.com/vince,9727287468; 9728476262,11,kabc-am-790; klif-am-570; wibc-fm-931; woai-am-1200,unknown_general_review,"Legitimate company, non-financial. Optional archive review."
Simple Quarters,,3176874663; 3176874667,8,wibc-fm-931,unknown_general_review,"Legitimate company, non-financial. Optional archive review."
Shell Rotella,rotella.com/longhaul,8669073339,8,kabc-am-790; wbap-am-820; whbo-1040; wwtn-fm-997,unknown_general_review,"Legitimate company, non-financial. Optional archive review."
Empower Home Team with Keller Williams,ehhoustonasthebuyers.com; ehhoustonhasthebuyers.com; harkerhasthebuyers.com,8446727653; 84489776538448977653; 8554777653,7,klif-am-570; ktrh-am-740; wbap-am-820,unknown_general_review,"Legitimate company, non-financial. Optional archive review."
Advanced Hair,advancedhair.com,4695994273; 4706604247; 4706608,7,wbap-am-820; wsb-am-750,unknown_general_review,"Legitimate company, non-financial. Optional archive review."
Native Path,getnativepath.com; getnativepath.com/slash vince; getnativepath.com/vince,,7,kabc-am-790; klif-am-570,unknown_general_review,"Legitimate company, non-financial. Optional archive review."
Grainger,grainger.com,180047246437,7,ktrh-am-740; whbo-1040; wibc-fm-931; woai-am-1200; wsb-am-750,unknown_general_review,"Legitimate company, non-financial. Optional archive review."
Lively,listenlively.com/slash radio; listenlively.com/slash-radio,,6,whbo-1040,unknown_general_review,"Legitimate company, non-financial. Optional archive review."
New Nordic,amazonandnewnordicusa.com; newnordicusa.com,,6,wbap-am-820; wsb-am-750,unknown_general_review,"Legitimate company, non-financial. Optional archive review."
Aspire Allergy and Sinus,aspireallergy.com,,5,ktrh-am-740,unknown_general_review,"Legitimate company, non-financial. Optional archive review."
Rough Greens,roughgreens.com,,5,kabc-am-790; ktrh-am-740; woai-am-1200,unknown_general_review,"Legitimate company, non-financial. Optional archive review."
Blindster.com,blindster.com,,5,kabc-am-790; ktrh-am-740,unknown_general_review,"Legitimate company, non-financial. Optional archive review."
Mark Deedle,markdeedle.com,3177554232,5,wibc-fm-931,unknown_general_review,"Legitimate company, non-financial. Optional archive review."
Southwest Exteriors,southwestexteriors.com,,4,woai-am-1200,unknown_general_review,"Legitimate company, non-financial. Optional archive review."
Revive San Antonio,revivemen'shealth.com,2106157777,4,woai-am-1200,unknown_general_review,"Legitimate company, non-financial. Optional archive review."
John Foy and Associates,johnfoy.com,,4,wsb-am-750,unknown_general_review,"Legitimate company, non-financial. Optional archive review."
Helzberg,helzberg.com,,4,wibc-fm-931,unknown_general_review,"Legitimate company, non-financial. Optional archive review."
Sabre,sabreprotect.com,8448247233,4,ktrh-am-740; woai-am-1200,unknown_general_review,"Legitimate company, non-financial. Optional archive review."
Revive Men's Health,revivemen'shealth.com; revivemenhealth.com,2106157777,4,woai-am-1200,unknown_general_review,"Legitimate company, non-financial. Optional archive review."
RJ's Auto Body Plus,rj's auto body plus,7709555020,4,wsb-am-750,unknown_general_review,"Legitimate company, non-financial. Optional archive review."
Zip Recruiter,ziprecruiter.com; ziprecruiter.com/free; ziprecruiter.com/slash-free,,4,kabc-am-790; wbap-am-820; woai-am-1200,unknown_general_review,"Legitimate company, non-financial. Optional archive review."
Odoo,https://odoocom; odoo.com,,4,ktrh-am-740; woai-am-1200,unknown_general_review,"Legitimate company, non-financial. Optional archive review."
AirTech of Houston,airtechofhouston.com,2815008888,4,ktrh-am-740,unknown_general_review,"Legitimate company, non-financial. Optional archive review."
Ghost Bed,ghostbed.com,,4,klif-am-570; wbap-am-820; wsb-am-750,unknown_general_review,"Legitimate company, non-financial. Optional archive review."
Premier Deck Coating,premierdeckcoating.com,3176964; 3176964071,4,wibc-fm-931,unknown_general_review,"Legitimate company, non-financial. Optional archive review."
Southern Front Doors,southernfront.com,2818905860; 28189058607132005860; 7132125874,3,ktrh-am-740,unknown_general_review,"Legitimate company, non-financial. Optional archive review."
RR Agency,rragency.org,3175630868,3,wibc-fm-931,unknown_general_review,"Legitimate company, non-financial. Optional archive review."
Thompson Furniture and Mattress,myeyedr.com; thompsonfurniture.net,,3,wibc-fm-931,unknown_general_review,"Legitimate company, non-financial. Optional archive review."
Exovations,exovations.com,,3,wsb-am-750,unknown_general_review,"Legitimate company, non-financial. Optional archive review."
Empower Home Team,harkerhasthebuyers.com,8446727653; 8448977653,3,klif-am-570; wbap-am-820,unknown_general_review,"Legitimate company, non-financial. Optional archive review."
Mark Spain real estate,markspain.com,,3,wbap-am-820; wsb-am-750,unknown_general_review,"Legitimate company, non-financial. Optional archive review."
Prevagen,ethos.com/slash-save,,3,klif-am-570; whbo-1040,unknown_general_review,"Legitimate company, non-financial. Optional archive review."
Zubi,zooby.com; zubi.com,,3,woai-am-1200,unknown_general_review,"Legitimate company, non-financial. Optional archive review."
House Products,houseproducts.com; howproducts.com,,3,kabc-am-790; wwtn-fm-997,unknown_general_review,"Legitimate company, non-financial. Optional archive review."
Gemellus Automotive Group,gemellus.com,,3,wsb-am-750,unknown_general_review,"Legitimate company, non-financial. Optional archive review."
Catscale,weighmytruck.com,,3,kabc-am-790; wbap-am-820; wwtn-fm-997,unknown_general_review,"Legitimate company, non-financial. Optional archive review."
Carnivora,carnivora.com,18668368735; 8668368735,3,wibc-fm-931; wsb-am-750,unknown_general_review,"Legitimate company, non-financial. Optional archive review."
Nelson Exteriors,google nelson exteriors; google nelson exteriors all next week at 10 to 12 a.m,,3,wsb-am-750,unknown_general_review,"Legitimate company, non-financial. Optional archive review."
Orderly Meds,orderlymeds.com; orderlymeds.com/slash-radio,,3,ktrh-am-740; woai-am-1200,unknown_general_review,"Legitimate company, non-financial. Optional archive review."
LendSeek,lendseek.com,,3,kabc-am-790; wbap-am-820; wwtn-fm-997,unknown_general_review,"Legitimate company, non-financial. Optional archive review."
DeGeorge Ceilings,radiogenesis.com,8132503883,3,whbo-1040,unknown_general_review,"Legitimate company, non-financial. Optional archive review."
Preborn,preborn.com/dana,,3,wibc-fm-931,unknown_general_review,"Legitimate company, non-financial. Optional archive review."
Ameris Bank,amerisbank.com,,3,wsb-am-750,unknown_general_review,"Legitimate company, non-financial. Optional archive review."
DNM Leasing,dm auto leasing.com; dmautoleasing.com,7132901000,3,ktrh-am-740,unknown_general_review,"Legitimate company, non-financial. Optional archive review."
Saber,saberprotect.com,8448247233,3,ktrh-am-740; woai-am-1200,unknown_general_review,"Legitimate company, non-financial. Optional archive review."
Culligan,culligan.com,,3,whbo-1040,unknown_general_review,"Legitimate company, non-financial. Optional archive review."
Galaxy Concrete Coatings,galaxyconcretecoatings.com,,3,wibc-fm-931,unknown_general_review,"Legitimate company, non-financial. Optional archive review."
Rock Auto,rockauto.com,,3,woai-am-1200,unknown_general_review,"Legitimate company, non-financial. Optional archive review."
D&M Leasing,dmautoleasing.com,7132901000,3,ktrh-am-740,unknown_general_review,"Legitimate company, non-financial. Optional archive review."
Lone Star Transfer,lonestartransfer.com,8335940075; 8555517066,3,klif-am-570; whbo-1040,unknown_general_review,"Legitimate company, non-financial. Optional archive review."
Swiss America,,8002892646,3,wsb-am-750; wwtn-fm-997,unknown_general_review,"Legitimate company, non-financial. Optional archive review."
Sig Sauer,sigsauer.com,,3,klif-am-570; woai-am-1200,unknown_general_review,"Legitimate company, non-financial. Optional archive review."
Franklin Pest Solutions,franklinpestsolutions.com,180046873787,3,wibc-fm-931,unknown_general_review,"Legitimate company, non-financial. Optional archive review."
George's,healthylooking.com,8004786465,3,klif-am-570; woai-am-1200,unknown_general_review,"Legitimate company, non-financial. Optional archive review."
George's TriGLP,healthylooking.com,8004786465,3,klif-am-570; ktrh-am-740,unknown_general_review,"Legitimate company, non-financial. Optional archive review."
Cars for Kids,carsforkids.org,187722773675437,3,ktrh-am-740; wsb-am-750,unknown_general_review,"Legitimate company, non-financial. Optional archive review."
Southern Exteriors,southernexteriors.co,877976884376,3,wsb-am-750,unknown_general_review,"Legitimate company, non-financial. Optional archive review."
Markspane,markspane.com,8552997653,2,wsb-am-750; wwtn-fm-997,unknown_general_review,"Legitimate company, non-financial. Optional archive review."
dtnwealthplanning.com,dtnwealthplanning.com,8174386752,2,klif-am-570,unknown_general_review,"Legitimate company, non-financial. Optional archive review."
Cambridge Auto Center,cambridgeauto.com,2106554670,2,woai-am-1200,unknown_general_review,"Legitimate company, non-financial. Optional archive review."
The Good Contractors List,goodcontractorslist.com; thegoodcontractorslist.com,,2,klif-am-570,unknown_general_review,"Legitimate company, non-financial. Optional archive review."
Retire Simply,retiresimplythrive.com,8333631947,2,wbap-am-820,unknown_general_review,"Legitimate company, non-financial. Optional archive review."
Retire Simply Team,retiresimplythrive.com,8333631947,2,wbap-am-820,unknown_general_review,"Legitimate company, non-financial. Optional archive review."
Sleep Number,sleepnumber.com,,2,klif-am-570; whbo-1040,unknown_general_review,"Legitimate company, non-financial. Optional archive review."
ECP Ventures,ecpventures.com,7605183447,2,klif-am-570,unknown_general_review,"Legitimate company, non-financial. Optional archive review."
Atlanta Ram Jack,liveunited.org,,2,wsb-am-750,unknown_general_review,"Legitimate company, non-financial. Optional archive review."
Tommy Nova Center,tommynovacenter.org,,2,wsb-am-750,unknown_general_review,"Legitimate company, non-financial. Optional archive review."
Lauren Michael's Real Estate Partners,lauren michael's real estate.com; laurenmichael'srealestate.com,7272988888,2,whbo-1040,unknown_general_review,"Legitimate company, non-financial. Optional archive review."
Saint Christopher Truckers Relief Fund,truckersfund.org,,2,kabc-am-790; whbo-1040,unknown_general_review,"Legitimate company, non-financial. Optional archive review."
KineticoSA,kineticosa.com,2106567873,2,woai-am-1200,unknown_general_review,"Legitimate company, non-financial. Optional archive review."
Audion Hearing,audionhearing.com; creoninfo.com,,2,wbap-am-820; woai-am-1200,unknown_general_review,"Legitimate company, non-financial. Optional archive review."
St. Christopher truckers relief fund,truckersfund.org,,2,whbo-1040; wwtn-fm-997,unknown_general_review,"Legitimate company, non-financial. Optional archive review."
Mark Dito Realty,markdito.com,3177554232,2,wibc-fm-931,unknown_general_review,"Legitimate company, non-financial. Optional archive review."
The International Fellowship of Christians and Jews,levinforthefellowship.org; levintforthefellowship.org,,2,wwtn-fm-997,unknown_general_review,"Legitimate company, non-financial. Optional archive review."
Get A Box,getabox.com,,2,whbo-1040,unknown_general_review,"Legitimate company, non-financial. Optional archive review."
Indie Decorative Concrete,indiedecorativeconcrete.com,,2,wibc-fm-931,unknown_general_review,"Legitimate company, non-financial. Optional archive review."
Top Dog Law,topdoglaw.com,,2,wtam-am-1100,unknown_general_review,"Legitimate company, non-financial. Optional archive review."
ZipRecruit,ziprecruiter.com,,2,woai-am-1200,unknown_general_review,"Legitimate company, non-financial. Optional archive review."
George Stein,georgestein.com,185539372738439,2,wsb-am-750,unknown_general_review,"Legitimate company, non-financial. Optional archive review."
Mr. Plumber,mrplumberatlanta.com,,2,wsb-am-750,unknown_general_review,"Legitimate company, non-financial. Optional archive review."
Bone Charge,bonecharge.com,,2,kabc-am-790; klif-am-570,unknown_general_review,"Legitimate company, non-financial. Optional archive review."
Cars4Kids,cars4kids.com; cars4kids.org,1877227745437; 877227745437,2,ktrh-am-740; wsb-am-750,unknown_general_review,"Legitimate company, non-financial. Optional archive review."
OrderlyMeds,orderlymeds.com/slash-radio,,2,ktrh-am-740,unknown_general_review,"Legitimate company, non-financial. Optional archive review."
Aquablation Atlanta,aquablationatlantic.com,4044809606,2,wsb-am-750,unknown_general_review,"Legitimate company, non-financial. Optional archive review."
"Big Wireless, PureTalk",,25064276,2,ktrh-am-740; woai-am-1200,unknown_general_review,"Legitimate company, non-financial. Optional archive review."
R&R agency,rragency.org,3175630868,2,wibc-fm-931,unknown_general_review,"Legitimate company, non-financial. Optional archive review."
Exogen,exogen.com,,2,whbo-1040,unknown_general_review,"Legitimate company, non-financial. Optional archive review."
Audian Hearing,audianhearing.com,,2,klif-am-570,unknown_general_review,"Legitimate company, non-financial. Optional archive review."
Chalk.com,chalk.com/slash/jesse,,2,woai-am-1200,unknown_general_review,"Legitimate company, non-financial. Optional archive review."
Beams,shopbeam.com,,2,klif-am-570,unknown_general_review,"Legitimate company, non-financial. Optional archive review."
Thunderbolt Transmissions,,71392388; 7139238888,2,ktrh-am-740,unknown_general_review,"Legitimate company, non-financial. Optional archive review."
One Medical Seniors,supercenter.com,8333123204,2,ktrh-am-740,unknown_general_review,"Legitimate company, non-financial. Optional archive review."
Lone Star Chevy 290,,2818275200,2,ktrh-am-740,unknown_general_review,"Legitimate company, non-financial. Optional archive review."
Kinetico San Antonio,kineticosa.com; kineticousa.com,2106567873,2,woai-am-1200,unknown_general_review,"Legitimate company, non-financial. Optional archive review."
Lang Eye Institute,,8779698600,2,whbo-1040,unknown_general_review,"Legitimate company, non-financial. Optional archive review."
Amazing Moros,amazingmoro.com,,2,ktrh-am-740,unknown_general_review,"Legitimate company, non-financial. Optional archive review."
George's Tri-GLP Drops,healthylooking.com,8004786465,2,klif-am-570; wibc-fm-931,unknown_general_review,"Legitimate company, non-financial. Optional archive review."
George's Tri-GLP,healthylooking.com,8004786465,2,ktrh-am-740; wsb-am-750,unknown_general_review,"Legitimate company, non-financial. Optional archive review."
Generator Supercenter,"dth.com, generatorsupercenter.com",2812516100,2,ktrh-am-740,unknown_general_review,"Legitimate company, non-financial. Optional archive review."
Cool Ray,coolray.com,,2,wsb-am-750,unknown_general_review,"Legitimate company, non-financial. Optional archive review."
GiveMeTheVin.com,givemethevin.com,,2,wbap-am-820,unknown_general_review,"Legitimate company, non-financial. Optional archive review."
Audien Hearing,audienhearing.com,57196336432,2,klif-am-570,unknown_general_review,"Legitimate company, non-financial. Optional archive review."
Connecticut San Antonio,connecticutsa.com,2106567873,2,woai-am-1200,unknown_general_review,"Legitimate company, non-financial. Optional archive review."
Iowanaiken,myfloridalaw.com,,2,whbo-1040,unknown_general_review,"Legitimate company, non-financial. Optional archive review."
Positive Coaching Alliance,pca dev zone dot org; pcadevzone.org,,2,wbap-am-820; woai-am-1200,unknown_general_review,"Legitimate company, non-financial. Optional archive review."
Simply Safe,simplysafe.com; simplysafe.com/armstrong,,2,kabc-am-790,unknown_general_review,"Legitimate company, non-financial. Optional archive review."
Milestone,callmilestone.com,,2,wbap-am-820,unknown_general_review,"Legitimate company, non-financial. Optional archive review."
United Structural Systems,usstn.com,6154887855,2,wwtn-fm-997,unknown_general_review,"Legitimate company, non-financial. Optional archive review."
CertaPro painters,certapro.com,,2,wsb-am-750,unknown_general_review,"Legitimate company, non-financial. Optional archive review."
Hagee Ministries,jhm.org/levin,8556949647,2,wbap-am-820; wwtn-fm-997,unknown_general_review,"Legitimate company, non-financial. Optional archive review."
BYRNA,byrna.com,,2,klif-am-570,unknown_general_review,"Legitimate company, non-financial. Optional archive review."
Revive,revivemenshealth.com,2106157777,2,woai-am-1200,unknown_general_review,"Legitimate company, non-financial. Optional archive review."
"Advanced Hair, Redefine Hair Restoration",advancedhair.com,4706604247,2,wsb-am-750,unknown_general_review,"Legitimate company, non-financial. Optional archive review."
Relieffactor,relieffactor.com,8004735433,2,ktrh-am-740; woai-am-1200,unknown_general_review,"Legitimate company, non-financial. Optional archive review."
George's Try GLP Drops,healthylooking.com,8004786465,2,ktrh-am-740; wibc-fm-931,unknown_general_review,"Legitimate company, non-financial. Optional archive review."
Marksbane Real Estate,marksbane.com,,1,klif-am-570,unknown_general_review,"Legitimate company, non-financial. Optional archive review."
Aquablation Dallas,,2145921127,1,wbap-am-820,unknown_general_review,"Legitimate company, non-financial. Optional archive review."
IO and ICAN,myfloridalaw.com,,1,whbo-1040,unknown_general_review,"Legitimate company, non-financial. Optional archive review."
Connecticut S A,connecticutsa.com,2106567873,1,woai-am-1200,unknown_general_review,"Legitimate company, non-financial. Optional archive review."
CF moto,cf moto usa.com,,1,woai-am-1200,unknown_general_review,"Legitimate company, non-financial. Optional archive review."
"Texas Remodel Team, Dewest",du-west.com,28139940627134737156,1,ktrh-am-740,unknown_general_review,"Legitimate company, non-financial. Optional archive review."
Defines Beef,beefdotcom,,1,wibc-fm-931,unknown_general_review,"Legitimate company, non-financial. Optional archive review."
Zuby,zuby.com,,1,woai-am-1200,unknown_general_review,"Legitimate company, non-financial. Optional archive review."
Vio,learnmoreatvio.com,,1,wbap-am-820,unknown_general_review,"Legitimate company, non-financial. Optional archive review."
Navegaglobal Inc.,navegate.com,,1,whbo-1040,unknown_general_review,"Legitimate company, non-financial. Optional archive review."
Sam the Concrete Man,,2142454515,1,wbap-am-820,unknown_general_review,"Legitimate company, non-financial. Optional archive review."
Republic Grand Ranch,republicgrandranch.com,,1,ktrh-am-740,unknown_general_review,"Legitimate company, non-financial. Optional archive review."
Tiger DV,carprow.com,,1,woai-am-1200,unknown_general_review,"Legitimate company, non-financial. Optional archive review."
Car Pro,,18009267777,1,woai-am-1200,unknown_general_review,"Legitimate company, non-financial. Optional archive review."
"Jan Rhys Jones Animal Care Center, SPCA of Texas",spca.org,,1,klif-am-570,unknown_general_review,"Legitimate company, non-financial. Optional archive review."
Page Publishing,,8002156818,1,wibc-fm-931,unknown_general_review,"Legitimate company, non-financial. Optional archive review."
Due West,,9724060910,1,wbap-am-820,unknown_general_review,"Legitimate company, non-financial. Optional archive review."
"Mark Spain Real Estate, Empower Home Team",harkerhasthebuyers.com,8448977653,1,klif-am-570,unknown_general_review,"Legitimate company, non-financial. Optional archive review."
Wings Etc.,wingsetcc.com,,1,wibc-fm-931,unknown_general_review,"Legitimate company, non-financial. Optional archive review."
"Art of Drawers, Fortified Roof System",thipro.com,8177685161,1,wbap-am-820,unknown_general_review,"Legitimate company, non-financial. Optional archive review."
Verizon,verizon.com,8003269142,1,ktrh-am-740,unknown_general_review,"Legitimate company, non-financial. Optional archive review."
MyPlates.com,myplates.com/slash car pro,,1,ktrh-am-740,unknown_general_review,"Legitimate company, non-financial. Optional archive review."
MyAutomotiveSource,myautomotivesource.com,,1,klif-am-570,unknown_general_review,"Legitimate company, non-financial. Optional archive review."
Platinum Ford,myautomotivesource.com,8887875543,1,klif-am-570,unknown_general_review,"Legitimate company, non-financial. Optional archive review."
Shays.com,c-h-a-i-z.com,,1,ktrh-am-740,unknown_general_review,"Legitimate company, non-financial. Optional archive review."
RetireSimply,retiresimply.com,8333631947,1,wbap-am-820,unknown_general_review,"Legitimate company, non-financial. Optional archive review."
Advisors On Call,advisorsoncall.com,5622691007,1,kabc-am-790,unknown_general_review,"Legitimate company, non-financial. Optional archive review."
My Automotive Source,myautomotivesource.com,8887875543,1,klif-am-570,unknown_general_review,"Legitimate company, non-financial. Optional archive review."
Real Life Network,jackkibbs.com/slash/kids250,,1,kabc-am-790,unknown_general_review,"Legitimate company, non-financial. Optional archive review."
"EF Marburger, Edge Sundown Gardens","efmarburger.com, sundowngardens.com",,1,wibc-fm-931,unknown_general_review,"Legitimate company, non-financial. Optional archive review."
"Five Star, Park Place Motor Cars",impact.com,,1,wbap-am-820,unknown_general_review,"Legitimate company, non-financial. Optional archive review."
On Plus,onnicotine.com,,1,ktrh-am-740,unknown_general_review,"Legitimate company, non-financial. Optional archive review."
Five-star Ford Dealerships,sampack.com,,1,wbap-am-820,unknown_general_review,"Legitimate company, non-financial. Optional archive review."
Affordable Tree Service,,7136992663,1,ktrh-am-740,unknown_general_review,"Legitimate company, non-financial. Optional archive review."
Enchanted Forest,enchantedforestrichmondtx.com,7132125874,1,ktrh-am-740,unknown_general_review,"Legitimate company, non-financial. Optional archive review."
Bend Hill Renovations,bhrenovations.com,,1,wsb-am-750,unknown_general_review,"Legitimate company, non-financial. Optional archive review."
The Trusted Toolbox,trustedtoolbox.calm,,1,wsb-am-750,unknown_general_review,"Legitimate company, non-financial. Optional archive review."
SwaincoLLC,swaincollc.com,4071868,1,wibc-fm-931,unknown_general_review,"Legitimate company, non-financial. Optional archive review."
AllSeasonsTurf,allseasonsturf.com,,1,ktrh-am-740,unknown_general_review,"Legitimate company, non-financial. Optional archive review."
Retirement Redesign,retirementredesign.com,8004991658,1,kabc-am-790,unknown_general_review,"Legitimate company, non-financial. Optional archive review."
Red Mountain,redmountainweightloss.com,,1,wbap-am-820,unknown_general_review,"Legitimate company, non-financial. Optional archive review."
Crushyard,crushyardfranchising.com,,1,ktrh-am-740,unknown_general_review,"Legitimate company, non-financial. Optional archive review."
Aquablation Therapy,,2145921127,1,wbap-am-820,unknown_general_review,"Legitimate company, non-financial. Optional archive review."
Bath Concepts Industries,,8002088750,1,wbap-am-820,unknown_general_review,"Legitimate company, non-financial. Optional archive review."
Bath Planet,,8002088750,1,wbap-am-820,unknown_general_review,"Legitimate company, non-financial. Optional archive review."
FixMySlab,fixmyslab.com,2812554949,1,ktrh-am-740,unknown_general_review,"Legitimate company, non-financial. Optional archive review."
"Go, Go, Gecko",googo gecko.com,,1,klif-am-570,unknown_general_review,"Legitimate company, non-financial. Optional archive review."
The Haze Advisory Group,hazeadvisorygroup.com,8885055631,1,wibc-fm-931,unknown_general_review,"Legitimate company, non-financial. Optional archive review."
Freedom Hunters,freedomhunters.org,,1,wbap-am-820,unknown_general_review,"Legitimate company, non-financial. Optional archive review."
Marchman Firearms,marchmanfirearms.com,,1,wbap-am-820,unknown_general_review,"Legitimate company, non-financial. Optional archive review."
odo,odo.com,,1,woai-am-1200,unknown_general_review,"Legitimate company, non-financial. Optional archive review."
Strong Tell,strongtell.com str o n g t l dot com,,1,whbo-1040,unknown_general_review,"Legitimate company, non-financial. Optional archive review."
Aero Exterminators,aroexterminators.com,8884627697,1,wsb-am-750,unknown_general_review,"Legitimate company, non-financial. Optional archive review."
A1 Garage for a Service,a1garage.com,,1,wsb-am-750,unknown_general_review,"Legitimate company, non-financial. Optional archive review."
The St. Christopher Fund,truckersfund.org,,1,wwtn-fm-997,unknown_general_review,"Legitimate company, non-financial. Optional archive review."
"Auto Accident Help Desk, Catania and Catania",,8007474070,1,whbo-1040,unknown_general_review,"Legitimate company, non-financial. Optional archive review."
SteelHorseLaw,steelhorselaw.com,,1,wsb-am-750,unknown_general_review,"Legitimate company, non-financial. Optional archive review."
Solaire,besthotgrill.com,,1,kabc-am-790,unknown_general_review,"Legitimate company, non-financial. Optional archive review."
Sunflower floor coatings,sunflowerfloorcoatings.com,8141732929,1,ktrh-am-740,unknown_general_review,"Legitimate company, non-financial. Optional archive review."
Robert Levenger,,8005551212,1,klif-am-570,unknown_general_review,"Legitimate company, non-financial. Optional archive review."
Lauren Michaels Real Estate Partners,laurenmichaelsrealestate.com,7272988888,1,whbo-1040,unknown_general_review,"Legitimate company, non-financial. Optional archive review."
Feeding America,feedingamerica.org,,1,wsb-am-750,unknown_general_review,"Legitimate company, non-financial. Optional archive review."
Berne,berne.com/slashdana,,1,wibc-fm-931,unknown_general_review,"Legitimate company, non-financial. Optional archive review."
TakeLean,takelean.com,,1,wbap-am-820,unknown_general_review,"Legitimate company, non-financial. Optional archive review."
AdvisorsonCall,advisorsoncall.com,5622691007,1,kabc-am-790,unknown_general_review,"Legitimate company, non-financial. Optional archive review."
Advisorsoncall.com,advisorsoncall.com,,1,kabc-am-790,unknown_general_review,"Legitimate company, non-financial. Optional archive review."
BG Platinum,bgfindashop.com,,1,woai-am-1200,unknown_general_review,"Legitimate company, non-financial. Optional archive review."
"Gravely, DeWaney Equipment, Ledger, Fannix Garden Center, Kinetico of San Antonio","dewaney-equipment.com, ledger.com/slash-spurs, fannicknursery.com, kineticosa.com",210656787380082943578005551212,1,woai-am-1200,unknown_general_review,"Legitimate company, non-financial. Optional archive review."
Heggy Ministries,jhm.org/levin,8556949647,1,wbap-am-820,unknown_general_review,"Legitimate company, non-financial. Optional archive review."
Michealis,,8443494639,1,wibc-fm-931,unknown_general_review,"Legitimate company, non-financial. Optional archive review."
Mark Spane Real Estate,markspane.com,,1,wsb-am-750,unknown_general_review,"Legitimate company, non-financial. Optional archive review."
Planet Fort,planetfort.com,,1,ktrh-am-740,unknown_general_review,"Legitimate company, non-financial. Optional archive review."
Thomas J. Henry Law,thomasjhenrylaw.com,,1,woai-am-1200,unknown_general_review,"Legitimate company, non-financial. Optional archive review."
zip recruiter,ziprecruiter.com/freeprogram,,1,wsb-am-750,unknown_general_review,"Legitimate company, non-financial. Optional archive review."
Did George Ceilings,didgeorgeceilings.com,,1,whbo-1040,unknown_general_review,"Legitimate company, non-financial. Optional archive review."
Midway Meat Market,midwaymeatmarket.com,,1,ktrh-am-740,unknown_general_review,"Legitimate company, non-financial. Optional archive review."
Gravely,dewinee-equipment.com,,1,woai-am-1200,unknown_general_review,"Legitimate company, non-financial. Optional archive review."
Michelle's,,8446454377,1,wibc-fm-931,unknown_general_review,"Legitimate company, non-financial. Optional archive review."
Rennai,talkingtankless.com,,1,wsb-am-750,unknown_general_review,"Legitimate company, non-financial. Optional archive review."
Iowa and Ikon,myfloridalaw.com,,1,whbo-1040,unknown_general_review,"Legitimate company, non-financial. Optional archive review."
Kars4Kids,,1877527745437,1,ktrh-am-740,unknown_general_review,"Legitimate company, non-financial. Optional archive review."
Super Crew,supercrew.com/free,,1,wbap-am-820,unknown_general_review,"Legitimate company, non-financial. Optional archive review."
Georgia Spa Company,georgiaspacompany.com,,1,wsb-am-750,unknown_general_review,"Legitimate company, non-financial. Optional archive review."
Perfectly Snug,perfectlysnug.com/slasheric,,1,wsb-am-750,unknown_general_review,"Legitimate company, non-financial. Optional archive review."
The Shelter Pet Project,theshelterpetproject.org,,1,wwtn-fm-997,unknown_general_review,"Legitimate company, non-financial. Optional archive review."
CarPro,carpro.com,7134780765,1,ktrh-am-740,unknown_general_review,"Legitimate company, non-financial. Optional archive review."
Arrow Exterminators,arrowexterminators.com,8884627377,1,wsb-am-750,unknown_general_review,"Legitimate company, non-financial. Optional archive review."
DAV,dav.org,,1,wibc-fm-931,unknown_general_review,"Legitimate company, non-financial. Optional archive review."
Gibbs Landscape,gibbslandscape.com,,1,wsb-am-750,unknown_general_review,"Legitimate company, non-financial. Optional archive review."
Solaire Infrared Grill,besthotgrill.com/slash-randy,,1,kabc-am-790,unknown_general_review,"Legitimate company, non-financial. Optional archive review."
Serta Pro Painters,spurs.com/slash sports academy,2104445021,1,woai-am-1200,unknown_general_review,"Legitimate company, non-financial. Optional archive review."
Armstrong and Get,armstrongandget.com,,1,kabc-am-790,unknown_general_review,"Legitimate company, non-financial. Optional archive review."
Medishare,,8557427340,1,whbo-1040,unknown_general_review,"Legitimate company, non-financial. Optional archive review."
JoePags,joepags.com,8335637247,1,wbap-am-820,unknown_general_review,"Legitimate company, non-financial. Optional archive review."
pre-born,preborn.com,,1,wibc-fm-931,unknown_general_review,"Legitimate company, non-financial. Optional archive review."
Nexus Neuro,,46340033384634003333,1,wibc-fm-931,unknown_general_review,"Legitimate company, non-financial. Optional archive review."
a mac the association of mature american citizens,amac.us/live,,1,wwtn-fm-997,unknown_general_review,"Legitimate company, non-financial. Optional archive review."
NFCC,nfcc.org/slash-your-side,8338377698,1,wibc-fm-931,unknown_general_review,"Legitimate company, non-financial. Optional archive review."
BERNA,berna.com,,1,woai-am-1200,unknown_general_review,"Legitimate company, non-financial. Optional archive review."
"empower home team, Keller Williams, Orchard",ehhoustonhasthebuyers.com,8554777653,1,ktrh-am-740,unknown_general_review,"Legitimate company, non-financial. Optional archive review."
Greatly,dewinny-equipment.com,,1,woai-am-1200,unknown_general_review,"Legitimate company, non-financial. Optional archive review."
Cumulastigital,cumulastigital.com,,1,kabc-am-790,unknown_general_review,"Legitimate company, non-financial. Optional archive review."
Knig Equipment,knigequipment.com,,1,wibc-fm-931,unknown_general_review,"Legitimate company, non-financial. Optional archive review."
Wright's Gourmet,,7275871040,1,whbo-1040,unknown_general_review,"Legitimate company, non-financial. Optional archive review."
Cordell & Cordell,cordellcordell.com,,1,woai-am-1200,unknown_general_review,"Legitimate company, non-financial. Optional archive review."
Planet Ford,planetford.com,,1,ktrh-am-740,unknown_general_review,"Legitimate company, non-financial. Optional archive review."
Advent Sleep Solutions,adventsleepbetter.com,,1,wibc-fm-931,unknown_general_review,"Legitimate company, non-financial. Optional archive review."
LensSeek,lensseek.com,,1,klif-am-570,unknown_general_review,"Legitimate company, non-financial. Optional archive review."
Markzpane Real Estate,markzpane.com,,1,wsb-am-750,unknown_general_review,"Legitimate company, non-financial. Optional archive review."
Octopus Energy,octopusenergy.com,,1,ktrh-am-740,unknown_general_review,"Legitimate company, non-financial. Optional archive review."
Ocran Floors,,2277387,1,woai-am-1200,unknown_general_review,"Legitimate company, non-financial. Optional archive review."
Lauren Michael's real estate partners,,7272988888,1,whbo-1040,unknown_general_review,"Legitimate company, non-financial. Optional archive review."
Ascension Island Mint,,8002121313,1,wibc-fm-931,unknown_general_review,"Legitimate company, non-financial. Optional archive review."
RJ's Autobody Plus,,7709555020,1,wsb-am-750,unknown_general_review,"Legitimate company, non-financial. Optional archive review."
Ben Hill Renovations,bhrenovations.com,,1,wsb-am-750,unknown_general_review,"Legitimate company, non-financial. Optional archive review."
Reliable Air,reliableair.com,7705949969,1,wsb-am-750,unknown_general_review,"Legitimate company, non-financial. Optional archive review."
Pre-born,preborn.com/slash-plant,,1,whbo-1040,unknown_general_review,"Legitimate company, non-financial. Optional archive review."
Airtech of Houston,airtechofhouston.com,2812516100,1,ktrh-am-740,unknown_general_review,"Legitimate company, non-financial. Optional archive review."
Corey Diamond and Design,,2814824755,1,ktrh-am-740,unknown_general_review,"Legitimate company, non-financial. Optional archive review."
Hamilton at the Fox Theatre,broadwayinatlanta.com,,1,wsb-am-750,unknown_general_review,"Legitimate company, non-financial. Optional archive review."
GimmeTheVin.com,gimmethevin.com,2105966588,1,woai-am-1200,unknown_general_review,"Legitimate company, non-financial. Optional archive review."
Catania and Catania,,8009582157,1,whbo-1040,unknown_general_review,"Legitimate company, non-financial. Optional archive review."
EMC Security,emcsecurity.com,,1,wsb-am-750,unknown_general_review,"Legitimate company, non-financial. Optional archive review."
Bill's Tractor,bill's tractor.com,,1,woai-am-1200,unknown_general_review,"Legitimate company, non-financial. Optional archive review."
Goodwill,goodwillsa.org/good-job,,1,woai-am-1200,unknown_general_review,"Legitimate company, non-financial. Optional archive review."
Carpet Giant,,7137665633,1,ktrh-am-740,unknown_general_review,"Legitimate company, non-financial. Optional archive review."
Carpet Giant Houston,carpetgianthouston.com,7137665633,1,ktrh-am-740,unknown_general_review,"Legitimate company, non-financial. Optional archive review."
GenPro,genpro.com,7138429501,1,ktrh-am-740,unknown_general_review,"Legitimate company, non-financial. Optional archive review."
Kinetico,kineticosa.com,6567873,1,woai-am-1200,unknown_general_review,"Legitimate company, non-financial. Optional archive review."
Alzheimer's Association and the Ad Council,alz.org/slash-our-stories,,1,wibc-fm-931,unknown_general_review,"Legitimate company, non-financial. Optional archive review."
RedEye Radio,redeye radioshow.com,,1,whbo-1040,unknown_general_review,"Legitimate company, non-financial. Optional archive review."
Painting Plus,paintingplus.com,,1,wsb-am-750,unknown_general_review,"Legitimate company, non-financial. Optional archive review."
Adopt Us Kids,adoptuskids.org,,1,wibc-fm-931,unknown_general_review,"Legitimate company, non-financial. Optional archive review."
George's Try GLP,healthylooking.com,8004786465,1,wibc-fm-931,unknown_general_review,"Legitimate company, non-financial. Optional archive review."
George's tri-GLP,healthylooking.com,8004786465,1,wibc-fm-931,unknown_general_review,"Legitimate company, non-financial. Optional archive review."
Corey Diamonds & Design,,2814824755,1,ktrh-am-740,unknown_general_review,"Legitimate company, non-financial. Optional archive review."
Coast To Coast AM,coasttocoastam.com,,1,wsb-am-750,unknown_general_review,"Legitimate company, non-financial. Optional archive review."
Spurs Sports Academy,spurs.com/sportsacademy,,1,woai-am-1200,unknown_general_review,"Legitimate company, non-financial. Optional archive review."
Sunflower Floor Coatings,sunflowerfloorcoatings.com,2814173229,1,ktrh-am-740,unknown_general_review,"Legitimate company, non-financial. Optional archive review."
ARS Rescue Rooter,ars.com slash houston slash radio,,1,ktrh-am-740,unknown_general_review,"Legitimate company, non-financial. Optional archive review."
Seniorhealthservices.com,seniorhealthservices.com,2818947540,1,ktrh-am-740,unknown_general_review,"Legitimate company, non-financial. Optional archive review."
Skywatch,,8004191964,1,wibc-fm-931,unknown_general_review,"Legitimate company, non-financial. Optional archive review."
Percento Technologies,,2815982235,1,ktrh-am-740,unknown_general_review,"Legitimate company, non-financial. Optional archive review."
Super Talk,,6157379986,1,wwtn-fm-997,unknown_general_review,"Legitimate company, non-financial. Optional archive review."
Think It Up,thinkitup.org,,1,wbap-am-820,unknown_general_review,"Legitimate company, non-financial. Optional archive review."
Brothers Floor Covering,brothers-floorcovering.com,,1,wibc-fm-931,unknown_general_review,"Legitimate company, non-financial. Optional archive review."
Napa Auto Parts,napaonline.com,,1,ktrh-am-740,unknown_general_review,"Legitimate company, non-financial. Optional archive review."
"D Geller and son, Atlanta ramjack, all care, painting plus",d geller dot-com,,1,wsb-am-750,unknown_general_review,"Legitimate company, non-financial. Optional archive review."
Thunderbolt Transmission,,7139238888,1,ktrh-am-740,unknown_general_review,"Legitimate company, non-financial. Optional archive review."
Beam,shop beam dot com slash vin show,,1,kabc-am-790,unknown_general_review,"Legitimate company, non-financial. Optional archive review."
EdenPURE Deals,edenpuredeals.com,,1,wsb-am-750,unknown_general_review,"Legitimate company, non-financial. Optional archive review."
Zipp Recruiter,zipprecruiter.com,,1,kabc-am-790,unknown_general_review,"Legitimate company, non-financial. Optional archive review."
Kalshi,kalshi.com,,1,woai-am-1200,unknown_general_review,"Legitimate company, non-financial. Optional archive review."
Term Provider,biglu.com,8005551509,1,klif-am-570,unknown_general_review,"Legitimate company, non-financial. Optional archive review."
ChefIQ,chefiq.com,,1,wbap-am-820,unknown_general_review,"Legitimate company, non-financial. Optional archive review."
Reliable,reliableair.com,7705949969,1,wsb-am-750,unknown_general_review,"Legitimate company, non-financial. Optional archive review."
"Premier Deck Coating, Sundown Gardens, Ms. M's Home and Garden",premierdeckcoating.com,3176964071,1,wibc-fm-931,unknown_general_review,"Legitimate company, non-financial. Optional archive review."
The Original Mattress Factory,sweetjames.com,8009000000,1,wsb-am-750,unknown_general_review,"Legitimate company, non-financial. Optional archive review."
Patriotmobile.com,patriotmobile.com/beck,9727287468,1,woai-am-1200,unknown_general_review,"Legitimate company, non-financial. Optional archive review."
Petrou In Home Fitness,,7139991000,1,ktrh-am-740,unknown_general_review,"Legitimate company, non-financial. Optional archive review."
Berna,berna.com,,1,ktrh-am-740,unknown_general_review,"Legitimate company, non-financial. Optional archive review."
Skyrizzy,skyrizzy.com,186675974999,1,kabc-am-790,unknown_general_review,"Legitimate company, non-financial. Optional archive review."
Stoltzko,stoltzko.com,6156225992,1,wwtn-fm-997,unknown_general_review,"Legitimate company, non-financial. Optional archive review."
F F Greens,ffgreens.com,,1,ktrh-am-740,unknown_general_review,"Legitimate company, non-financial. Optional archive review."
Lee Brandt Jewelry & Watch Company,leebrandt.com,,1,wsb-am-750,unknown_general_review,"Legitimate company, non-financial. Optional archive review."
Orchard Offers,orchard.com,,1,woai-am-1200,unknown_general_review,"Legitimate company, non-financial. Optional archive review."
Uline,uline.com,,1,ktrh-am-740,unknown_general_review,"Legitimate company, non-financial. Optional archive review."
Mark Spain retail estate,markspane.com,,1,wsb-am-750,unknown_general_review,"Legitimate company, non-financial. Optional archive review."
Brentwood Jewelry,brentwoodjewelry.com,,1,wwtn-fm-997,unknown_general_review,"Legitimate company, non-financial. Optional archive review."
"Big Wireless, Pure Talk",,2506738325,1,klif-am-570,unknown_general_review,"Legitimate company, non-financial. Optional archive review."
Vanguard Investor Choice,vanguard.com,,1,whbo-1040,unknown_general_review,"Legitimate company, non-financial. Optional archive review."
United Leasing and Finance,unitedevv.com,,1,wibc-fm-931,unknown_general_review,"Legitimate company, non-financial. Optional archive review."
The Texas Center for Cosmetic Dentistry,lovethatsmile.com,2813676453,1,ktrh-am-740,unknown_general_review,"Legitimate company, non-financial. Optional archive review."
Ramjack,google atlanta ramjack,,1,wsb-am-750,unknown_general_review,"Legitimate company, non-financial. Optional archive review."
healthylooking.com,healthylooking.com,,1,wsb-am-750,unknown_general_review,"Legitimate company, non-financial. Optional archive review."
"St. Christopher Truckers Relief Fund, Iowa 80","truckersfund.org, truckersjamboree.com",,1,wwtn-fm-997,unknown_general_review,"Legitimate company, non-financial. Optional archive review."
C&J Water,,3177448255,1,wibc-fm-931,unknown_general_review,"Legitimate company, non-financial. Optional archive review."
COAST,coast2coastam.com,,1,wsb-am-750,unknown_general_review,"Legitimate company, non-financial. Optional archive review."
Lean,lean.com,,1,wbap-am-820,unknown_general_review,"Legitimate company, non-financial. Optional archive review."
Hot Shot Secret,hotshotsecret.com,,1,whbo-1040,unknown_general_review,"Legitimate company, non-financial. Optional archive review."
rxproliberty.com,rxproliberty.com,9497063300,1,kabc-am-790,unknown_general_review,"Legitimate company, non-financial. Optional archive review."
Heartland Steak Co.,heartlandsteakco.com,,1,woai-am-1200,unknown_general_review,"Legitimate company, non-financial. Optional archive review."
PolyMarket,polymarket.com,,1,woai-am-1200,unknown_general_review,"Legitimate company, non-financial. Optional archive review."
Meals on Wheels America,letsladolunch.org,,1,wibc-fm-931,unknown_general_review,"Legitimate company, non-financial. Optional archive review."
OopsSteem,oopssteem.com,,1,ktrh-am-740,unknown_general_review,"Legitimate company, non-financial. Optional archive review."
Polymarket,axs.com,,1,woai-am-1200,unknown_general_review,"Legitimate company, non-financial. Optional archive review."
I heart advertising com,i heart advertising com,,1,woai-am-1200,unknown_general_review,"Legitimate company, non-financial. Optional archive review."
Byrna,burner.com,,1,woai-am-1200,unknown_general_review,"Legitimate company, non-financial. Optional archive review."
EdenPURE,edenpuredeals.com,,1,wsb-am-750,unknown_general_review,"Legitimate company, non-financial. Optional archive review."
Term Direct,,85758905075,1,wibc-fm-931,unknown_general_review,"Legitimate company, non-financial. Optional archive review."
Quince,quince.com/slash vince,,1,klif-am-570,unknown_general_review,"Legitimate company, non-financial. Optional archive review."
I Heart Radio Music Festival,access.com,,1,woai-am-1200,unknown_general_review,"Legitimate company, non-financial. Optional archive review."
"Stiefel, Nicholas & Company Incorporated","stiefel.com, stiefelinsights.com",,1,woai-am-1200,unknown_general_review,"Legitimate company, non-financial. Optional archive review."
Stiefel Nicholas & Company Incorporated,"stiefel.com, stiefelinsights.com",,1,ktrh-am-740,unknown_general_review,"Legitimate company, non-financial. Optional archive review."
Lend Seek,lendseek.com,,1,kabc-am-790,unknown_general_review,"Legitimate company, non-financial. Optional archive review."
"Stiefel, Nickelhausen Company, Incorporated",,7134932200,1,ktrh-am-740,unknown_general_review,"Legitimate company, non-financial. Optional archive review."
"Rock Auto, Ledger, CF Moto","rockauto.com, ledger.com, cfmotousa.com",,1,woai-am-1200,unknown_general_review,"Legitimate company, non-financial. Optional archive review."
contours LLC,contoursllc.com,6152369960,1,wwtn-fm-997,unknown_general_review,"Legitimate company, non-financial. Optional archive review."
Burn and Bush landscape and supply,burningbushsa.com,2109002874,1,woai-am-1200,unknown_general_review,"Legitimate company, non-financial. Optional archive review."
Lorne Michaels Real Estate Partners,,7272988888,1,whbo-1040,unknown_general_review,"Legitimate company, non-financial. Optional archive review."
Gemelas Automotive Group,gemelas.com,,1,wsb-am-750,unknown_general_review,"Legitimate company, non-financial. Optional archive review."
Roofman,roofman.com,4707663626,1,wsb-am-750,unknown_general_review,"Legitimate company, non-financial. Optional archive review."
SeniorHealthServices.com,seniorhealthservices.com,2818947540,1,woai-am-1200,unknown_general_review,"Legitimate company, non-financial. Optional archive review."
Markspin Real Estate,markspin.com,,1,wsb-am-750,unknown_general_review,"Legitimate company, non-financial. Optional archive review."
Epic Health Care and Physical Medicine,,4697518262,1,wbap-am-820,unknown_general_review,"Legitimate company, non-financial. Optional archive review."
Jim Ellis Automotive Group,jimellis.com,,1,wsb-am-750,unknown_general_review,"Legitimate company, non-financial. Optional archive review."
Berkeley Eye Center,,7135263937,1,ktrh-am-740,unknown_general_review,"Legitimate company, non-financial. Optional archive review."
Solar Exit Hotline,,8007989512,1,wibc-fm-931,unknown_general_review,"Legitimate company, non-financial. Optional archive review."
Home Title Lock,hometitlelock.com,,1,whbo-1040,unknown_general_review,"Legitimate company, non-financial. Optional archive review."
George's TRY-GLP,healthylooking.com,8004786465,1,klif-am-570,unknown_general_review,"Legitimate company, non-financial. Optional archive review."
Texas Renters,texasrenters.com,8185014109,1,ktrh-am-740,unknown_general_review,"Legitimate company, non-financial. Optional archive review."
Red Eye Radio,redeyeradioshow.com,86690733393,1,whbo-1040,unknown_general_review,"Legitimate company, non-financial. Optional archive review."
Senex fuels and loops,rediradioshow.com,866907334,1,wbap-am-820,unknown_general_review,"Legitimate company, non-financial. Optional archive review."
Sea Crane,seacrane.com,18005228863,1,klif-am-570,unknown_general_review,"Legitimate company, non-financial. Optional archive review."
J.J. Keller and Associates,j.j.keller.com,,1,wwtn-fm-997,unknown_general_review,"Legitimate company, non-financial. Optional archive review."
Life Lock,,8005467,1,wibc-fm-931,unknown_general_review,"Legitimate company, non-financial. Optional archive review."
100radioshows.com,100radioshows.com,,1,whbo-1040,unknown_general_review,"Legitimate company, non-financial. Optional archive review."
ReliefFactor,relieffactor.com,8004734333,1,wibc-fm-931,unknown_general_review,"Legitimate company, non-financial. Optional archive review."
In Family Fire and the Ad Council,discovertheforest.org,,1,wibc-fm-931,unknown_general_review,"Legitimate company, non-financial. Optional archive review."
Atlantis,atlantiscasino.com,7758254700,1,kabc-am-790,unknown_general_review,"Legitimate company, non-financial. Optional archive review."
Scorpion Septic,insecticservices.com,,1,wsb-am-750,unknown_general_review,"Legitimate company, non-financial. Optional archive review."
Sell Car US,,8006092771,1,whbo-1040,unknown_general_review,"Legitimate company, non-financial. Optional archive review."
Advent,adventknows.com,,1,wibc-fm-931,unknown_general_review,"Legitimate company, non-financial. Optional archive review."
ReputationDefender,reputationdefender.com,8004016681,1,whbo-1040,unknown_general_review,"Legitimate company, non-financial. Optional archive review."
Burna,burna.com,,1,woai-am-1200,unknown_general_review,"Legitimate company, non-financial. Optional archive review."
Thomas J Henry law,thomasjhenrylaw.com,,1,woai-am-1200,unknown_general_review,"Legitimate company, non-financial. Optional archive review."
"HoustonPowderCoaters.com, Generac, Generasupercenter.com","houstonpowdercoaters.com, generatorsupercenter.com",28167638882812516100,1,ktrh-am-740,unknown_general_review,"Legitimate company, non-financial. Optional archive review."
Michalis Corporation,,8443473636,1,wibc-fm-931,unknown_general_review,"Legitimate company, non-financial. Optional archive review."
"Zuby Roofs, Zuby Paints",zubyis.zoubb.com,6805623746,1,woai-am-1200,unknown_general_review,"Legitimate company, non-financial. Optional archive review."
Revived Men's Health,revivemensthealth.com,2106157777,1,woai-am-1200,unknown_general_review,"Legitimate company, non-financial. Optional archive review."
AMAC (Association of Mature American Citizens),amac.us/levine,,1,wbap-am-820,unknown_general_review,"Legitimate company, non-financial. Optional archive review."
Kinetico of San Antonio,kineticosa.com,2106567873,1,woai-am-1200,unknown_general_review,"Legitimate company, non-financial. Optional archive review."
Amazing Morrow,amazingmorrow.com,2818275200,1,ktrh-am-740,unknown_general_review,"Legitimate company, non-financial. Optional archive review."
Mark's Spain Real Estate,markspane.com,,1,wsb-am-750,unknown_general_review,"Legitimate company, non-financial. Optional archive review."
ReputationDefender.com,reputationdefender.com,8004016681,1,whbo-1040,unknown_general_review,"Legitimate company, non-financial. Optional archive review."
Craft Body Scan,togetherwescan.com,6154361000,1,wwtn-fm-997,unknown_general_review,"Legitimate company, non-financial. Optional archive review."
Ledger,leisure.com/slash-spurs,,1,woai-am-1200,unknown_general_review,"Legitimate company, non-financial. Optional archive review."
Realestateoptionsnow.com,realestateoptionsnow.com,,1,woai-am-1200,unknown_general_review,"Legitimate company, non-financial. Optional archive review."
Blue Ribbon DFW,blueribbondfw.com,,1,wbap-am-820,unknown_general_review,"Legitimate company, non-financial. Optional archive review."
term provider,biglou.com,8005551509,1,klif-am-570,unknown_general_review,"Legitimate company, non-financial. Optional archive review."
TakeLean.com,takelean.com,8335637247,1,wbap-am-820,unknown_general_review,"Legitimate company, non-financial. Optional archive review."
Way of the Lord,wayofthelord.com,,1,klif-am-570,unknown_general_review,"Legitimate company, non-financial. Optional archive review."
Silver Creek Materials,silvercreekmaterials.com,,1,wbap-am-820,unknown_general_review,"Legitimate company, non-financial. Optional archive review."
TheTopicalFruit.com,joe-pags.com,8335637247,1,wbap-am-820,unknown_general_review,"Legitimate company, non-financial. Optional archive review."
